window_id,independent_object_id,class_label,load_hp,base_fold,evaluation_run,role,experiment_id,config_id,p_OR,p_IR,p_B,p_N,pred_label_window
source::data/raw/source_domain/cwru_48khz_de/B007_0.mat::w0000,data/raw/source_domain/cwru_48khz_de/B007_0.mat,B,0.0,F1,R1,test,E0_baseline,LR_0.1_none,0.5412292193967349,0.02998626700825513,0.4172993123673786,0.011485201227631471,OR
source::data/raw/source_domain/cwru_48khz_de/B007_0.mat::w0001,data/raw/source_domain/cwru_48khz_de/B007_0.mat,B,0.0,F1,R1,test,E0_baseline,LR_0.1_none,0.43299651831250147,0.043036966134508255,0.5091304640791571,0.01483605147383324,B
source::data/raw/source_domain/cwru_48khz_de/B007_0.mat::w0002,data/raw/source_domain/cwru_48khz_de/B007_0.mat,B,0.0,F1,R1,test,E0_baseline,LR_0.1_none,0.5509468054222553,0.03726339652723851,0.39685155301619585,0.014938245034310346,OR
source::data/raw/source_domain/cwru_48khz_de/B007_0.mat::w0003,data/raw/source_domain/cwru_48khz_de/B007_0.mat,B,0.0,F1,R1,test,E0_baseline,LR_0.1_none,0.569289798236608,0.0320572524004692,0.3831008684298179,0.015552080933105028,OR
source::data/raw/source_domain/cwru_48khz_de/B007_0.mat::w0004,data/raw/source_domain/cwru_48khz_de/B007_0.mat,B,0.0,F1,R1,test,E0_baseline,LR_0.1_none,0.5444667562840488,0.040533265537919506,0.3973297433289437,0.01767023484908797,OR
source::data/raw/source_domain/cwru_48khz_de/B007_0.mat::w0005,data/raw/source_domain/cwru_48khz_de/B007_0.mat,B,0.0,F1,R1,test,E0_baseline,LR_0.1_none,0.31218292059779973,0.03158545781974426,0.6413953099828008,0.014836311599655127,B
source::data/raw/source_domain/cwru_48khz_de/B007_0.mat::w0006,data/raw/source_domain/cwru_48khz_de/B007_0.mat,B,0.0,F1,R1,test,E0_baseline,LR_0.1_none,0.3727091273182071,0.04309623261063318,0.5690071075153306,0.01518753255582919,B
source::data/raw/source_domain/cwru_48khz_de/B014_1.mat::w0000,data/raw/source_domain/cwru_48khz_de/B014_1.mat,B,1.0,F1,R1,test,E0_baseline,LR_0.1_none,0.02051126018881413,0.011530435746063938,0.966195826825496,0.0017624772396259275,B
source::data/raw/source_domain/cwru_48khz_de/B014_1.mat::w0001,data/raw/source_domain/cwru_48khz_de/B014_1.mat,B,1.0,F1,R1,test,E0_baseline,LR_0.1_none,0.06722388976575983,0.019482695621244325,0.9104369081388848,0.0028565064741110265,B
source::data/raw/source_domain/cwru_48khz_de/B014_1.mat::w0002,data/raw/source_domain/cwru_48khz_de/B014_1.mat,B,1.0,F1,R1,test,E0_baseline,LR_0.1_none,0.02395239307682925,0.022327687631768407,0.9496829581395649,0.004036961151837363,B
source::data/raw/source_domain/cwru_48khz_de/B014_1.mat::w0003,data/raw/source_domain/cwru_48khz_de/B014_1.mat,B,1.0,F1,R1,test,E0_baseline,LR_0.1_none,0.05164663711182693,0.03151939565898758,0.8977855670131466,0.019048400216038847,B
source::data/raw/source_domain/cwru_48khz_de/B014_1.mat::w0004,data/raw/source_domain/cwru_48khz_de/B014_1.mat,B,1.0,F1,R1,test,E0_baseline,LR_0.1_none,0.2406809152700973,0.04855947559004309,0.6801284993926084,0.030631109747251185,B
source::data/raw/source_domain/cwru_48khz_de/B014_1.mat::w0005,data/raw/source_domain/cwru_48khz_de/B014_1.mat,B,1.0,F1,R1,test,E0_baseline,LR_0.1_none,0.23004094948357626,0.0744008255391538,0.6667124607978815,0.02884576417938853,B
source::data/raw/source_domain/cwru_48khz_de/B014_1.mat::w0006,data/raw/source_domain/cwru_48khz_de/B014_1.mat,B,1.0,F1,R1,test,E0_baseline,LR_0.1_none,0.022732459768440814,0.006146081743639285,0.9684332373399979,0.002688221147922182,B
source::data/raw/source_domain/cwru_48khz_de/B021_2.mat::w0000,data/raw/source_domain/cwru_48khz_de/B021_2.mat,B,2.0,F1,R1,test,E0_baseline,LR_0.1_none,0.24032506086868835,0.2074901431627258,0.5511320403104533,0.0010527556581325249,B
source::data/raw/source_domain/cwru_48khz_de/B021_2.mat::w0001,data/raw/source_domain/cwru_48khz_de/B021_2.mat,B,2.0,F1,R1,test,E0_baseline,LR_0.1_none,0.254214395394963,0.16564613812015455,0.578983325299092,0.0011561411857904462,B
source::data/raw/source_domain/cwru_48khz_de/B021_2.mat::w0002,data/raw/source_domain/cwru_48khz_de/B021_2.mat,B,2.0,F1,R1,test,E0_baseline,LR_0.1_none,0.4388529898515058,0.1614199954029289,0.3986031117006021,0.0011239030449632552,OR
source::data/raw/source_domain/cwru_48khz_de/B021_2.mat::w0003,data/raw/source_domain/cwru_48khz_de/B021_2.mat,B,2.0,F1,R1,test,E0_baseline,LR_0.1_none,0.05473743833040633,0.21876187177076378,0.725996237874554,0.0005044520242759577,B
source::data/raw/source_domain/cwru_48khz_de/B021_2.mat::w0004,data/raw/source_domain/cwru_48khz_de/B021_2.mat,B,2.0,F1,R1,test,E0_baseline,LR_0.1_none,0.343464794805113,0.0757738942773771,0.5796883193877084,0.0010729915298015311,B
source::data/raw/source_domain/cwru_48khz_de/B021_2.mat::w0005,data/raw/source_domain/cwru_48khz_de/B021_2.mat,B,2.0,F1,R1,test,E0_baseline,LR_0.1_none,0.4089992624274873,0.2298173610143309,0.3597434254307454,0.0014399511274363831,OR
source::data/raw/source_domain/cwru_48khz_de/B021_2.mat::w0006,data/raw/source_domain/cwru_48khz_de/B021_2.mat,B,2.0,F1,R1,test,E0_baseline,LR_0.1_none,0.16767421352519424,0.2166213892449284,0.6147224893025843,0.0009819079272931363,B
source::data/raw/source_domain/cwru_48khz_de/IR007_1.mat::w0000,data/raw/source_domain/cwru_48khz_de/IR007_1.mat,IR,1.0,F1,R1,test,E0_baseline,LR_0.1_none,0.010409755114013411,0.974295281917332,0.010997643320488392,0.004297319648166135,IR
source::data/raw/source_domain/cwru_48khz_de/IR007_1.mat::w0001,data/raw/source_domain/cwru_48khz_de/IR007_1.mat,IR,1.0,F1,R1,test,E0_baseline,LR_0.1_none,0.011518881369133163,0.9727916462224862,0.011006036722590136,0.004683435685790651,IR
source::data/raw/source_domain/cwru_48khz_de/IR007_1.mat::w0002,data/raw/source_domain/cwru_48khz_de/IR007_1.mat,IR,1.0,F1,R1,test,E0_baseline,LR_0.1_none,0.0134910796661852,0.9694951878932391,0.01184572681521855,0.005168005625357094,IR
source::data/raw/source_domain/cwru_48khz_de/IR007_1.mat::w0003,data/raw/source_domain/cwru_48khz_de/IR007_1.mat,IR,1.0,F1,R1,test,E0_baseline,LR_0.1_none,0.01225173030537884,0.9725433763051159,0.01029633578312691,0.00490855760637835,IR
source::data/raw/source_domain/cwru_48khz_de/IR007_1.mat::w0004,data/raw/source_domain/cwru_48khz_de/IR007_1.mat,IR,1.0,F1,R1,test,E0_baseline,LR_0.1_none,0.01269223852534168,0.9730045397058291,0.009260372096801146,0.005042849672028178,IR
source::data/raw/source_domain/cwru_48khz_de/IR007_1.mat::w0005,data/raw/source_domain/cwru_48khz_de/IR007_1.mat,IR,1.0,F1,R1,test,E0_baseline,LR_0.1_none,0.012357652223760117,0.9724214847493851,0.010390079952077726,0.004830783074777286,IR
source::data/raw/source_domain/cwru_48khz_de/IR007_1.mat::w0006,data/raw/source_domain/cwru_48khz_de/IR007_1.mat,IR,1.0,F1,R1,test,E0_baseline,LR_0.1_none,0.010128486785339256,0.9764335966315725,0.009114448144497408,0.004323468438590741,IR
source::data/raw/source_domain/cwru_48khz_de/IR014_2.mat::w0000,data/raw/source_domain/cwru_48khz_de/IR014_2.mat,IR,2.0,F1,R1,test,E0_baseline,LR_0.1_none,0.30239636379078744,0.5800742273710513,0.11585573494844682,0.0016736738897144623,IR
source::data/raw/source_domain/cwru_48khz_de/IR014_2.mat::w0001,data/raw/source_domain/cwru_48khz_de/IR014_2.mat,IR,2.0,F1,R1,test,E0_baseline,LR_0.1_none,0.2825186265363329,0.5848000680909633,0.13106396086648697,0.0016173445062169082,IR
source::data/raw/source_domain/cwru_48khz_de/IR014_2.mat::w0002,data/raw/source_domain/cwru_48khz_de/IR014_2.mat,IR,2.0,F1,R1,test,E0_baseline,LR_0.1_none,0.24824489971457692,0.5988359865541837,0.15159525742877522,0.0013238563024641685,IR
source::data/raw/source_domain/cwru_48khz_de/IR014_2.mat::w0003,data/raw/source_domain/cwru_48khz_de/IR014_2.mat,IR,2.0,F1,R1,test,E0_baseline,LR_0.1_none,0.27585431585175924,0.5522830837684458,0.1706411199945214,0.0012214803852735514,IR
source::data/raw/source_domain/cwru_48khz_de/IR014_2.mat::w0004,data/raw/source_domain/cwru_48khz_de/IR014_2.mat,IR,2.0,F1,R1,test,E0_baseline,LR_0.1_none,0.2730677239163308,0.6168458204324229,0.10860480288385152,0.0014816527673947749,IR
source::data/raw/source_domain/cwru_48khz_de/IR014_2.mat::w0005,data/raw/source_domain/cwru_48khz_de/IR014_2.mat,IR,2.0,F1,R1,test,E0_baseline,LR_0.1_none,0.27966220498224115,0.6149330087160649,0.10324928476349197,0.0021555015382020036,IR
source::data/raw/source_domain/cwru_48khz_de/IR014_2.mat::w0006,data/raw/source_domain/cwru_48khz_de/IR014_2.mat,IR,2.0,F1,R1,test,E0_baseline,LR_0.1_none,0.30271419813289396,0.5883934571723083,0.10724560553439559,0.0016467391604021346,IR
source::data/raw/source_domain/cwru_48khz_de/IR021_3.mat::w0000,data/raw/source_domain/cwru_48khz_de/IR021_3.mat,IR,3.0,F1,R1,test,E0_baseline,LR_0.1_none,0.23732637377645308,0.7035572112440935,0.05594515495501691,0.0031712600244365456,IR
source::data/raw/source_domain/cwru_48khz_de/IR021_3.mat::w0001,data/raw/source_domain/cwru_48khz_de/IR021_3.mat,IR,3.0,F1,R1,test,E0_baseline,LR_0.1_none,0.30663169080500935,0.649630874408997,0.04047760491076053,0.0032598298752331326,IR
source::data/raw/source_domain/cwru_48khz_de/IR021_3.mat::w0002,data/raw/source_domain/cwru_48khz_de/IR021_3.mat,IR,3.0,F1,R1,test,E0_baseline,LR_0.1_none,0.21635640841002815,0.7307445900457973,0.04976955615799557,0.0031294453861791006,IR
source::data/raw/source_domain/cwru_48khz_de/IR021_3.mat::w0003,data/raw/source_domain/cwru_48khz_de/IR021_3.mat,IR,3.0,F1,R1,test,E0_baseline,LR_0.1_none,0.20826293713426616,0.7356115272026909,0.05291406335141257,0.003211472311630432,IR
source::data/raw/source_domain/cwru_48khz_de/IR021_3.mat::w0004,data/raw/source_domain/cwru_48khz_de/IR021_3.mat,IR,3.0,F1,R1,test,E0_baseline,LR_0.1_none,0.16124771766699755,0.7942361468044538,0.041761708682312854,0.002754426846235857,IR
source::data/raw/source_domain/cwru_48khz_de/IR021_3.mat::w0005,data/raw/source_domain/cwru_48khz_de/IR021_3.mat,IR,3.0,F1,R1,test,E0_baseline,LR_0.1_none,0.2528856096925465,0.7198629500660123,0.02438972453573214,0.0028617157057091824,IR
source::data/raw/source_domain/cwru_48khz_de/IR021_3.mat::w0006,data/raw/source_domain/cwru_48khz_de/IR021_3.mat,IR,3.0,F1,R1,test,E0_baseline,LR_0.1_none,0.23926071660278422,0.7204868917597113,0.037145097432121535,0.003107294205383089,IR
source::data/raw/source_domain/cwru_48khz_de/OR007@12_2.mat::w0000,data/raw/source_domain/cwru_48khz_de/OR007@12_2.mat,OR,2.0,F1,R1,test,E0_baseline,LR_0.1_none,0.7474619781753509,0.1894449796582763,0.059316081300589824,0.003776960865782941,OR
source::data/raw/source_domain/cwru_48khz_de/OR007@12_2.mat::w0001,data/raw/source_domain/cwru_48khz_de/OR007@12_2.mat,OR,2.0,F1,R1,test,E0_baseline,LR_0.1_none,0.7401075702895387,0.19422759127420683,0.061456938116705745,0.004207900319548821,OR
source::data/raw/source_domain/cwru_48khz_de/OR007@12_2.mat::w0002,data/raw/source_domain/cwru_48khz_de/OR007@12_2.mat,OR,2.0,F1,R1,test,E0_baseline,LR_0.1_none,0.711827909897604,0.21086983248634428,0.0729061401475431,0.004396117468508732,OR
source::data/raw/source_domain/cwru_48khz_de/OR007@12_2.mat::w0003,data/raw/source_domain/cwru_48khz_de/OR007@12_2.mat,OR,2.0,F1,R1,test,E0_baseline,LR_0.1_none,0.6981685951040653,0.22219305140148643,0.07510333119743316,0.00453502229701507,OR
source::data/raw/source_domain/cwru_48khz_de/OR007@12_2.mat::w0004,data/raw/source_domain/cwru_48khz_de/OR007@12_2.mat,OR,2.0,F1,R1,test,E0_baseline,LR_0.1_none,0.7002353061403479,0.2303463420014941,0.06503921276612538,0.004379139092032606,OR
source::data/raw/source_domain/cwru_48khz_de/OR007@12_2.mat::w0005,data/raw/source_domain/cwru_48khz_de/OR007@12_2.mat,OR,2.0,F1,R1,test,E0_baseline,LR_0.1_none,0.5740896627721699,0.34948877766566544,0.07166779890020672,0.00475376066195788,OR
source::data/raw/source_domain/cwru_48khz_de/OR007@12_2.mat::w0006,data/raw/source_domain/cwru_48khz_de/OR007@12_2.mat,OR,2.0,F1,R1,test,E0_baseline,LR_0.1_none,0.6391111134240537,0.2823398689299643,0.07382730430186192,0.004721713344119979,OR
source::data/raw/source_domain/cwru_48khz_de/OR007@3_0.mat::w0000,data/raw/source_domain/cwru_48khz_de/OR007@3_0.mat,OR,0.0,F1,R1,test,E0_baseline,LR_0.1_none,0.8717859649741042,0.1211364627582036,0.004672536305747663,0.002405035961944531,OR
source::data/raw/source_domain/cwru_48khz_de/OR007@3_0.mat::w0001,data/raw/source_domain/cwru_48khz_de/OR007@3_0.mat,OR,0.0,F1,R1,test,E0_baseline,LR_0.1_none,0.8397330640310949,0.153028010405202,0.0042893226680098704,0.0029496028956932214,OR
source::data/raw/source_domain/cwru_48khz_de/OR007@3_0.mat::w0002,data/raw/source_domain/cwru_48khz_de/OR007@3_0.mat,OR,0.0,F1,R1,test,E0_baseline,LR_0.1_none,0.8487712782810936,0.14502191748783114,0.0035773269001817157,0.002629477330893642,OR
source::data/raw/source_domain/cwru_48khz_de/OR007@3_0.mat::w0003,data/raw/source_domain/cwru_48khz_de/OR007@3_0.mat,OR,0.0,F1,R1,test,E0_baseline,LR_0.1_none,0.8747688527279152,0.11925141983867539,0.00348756942775736,0.0024921580056521835,OR
source::data/raw/source_domain/cwru_48khz_de/OR007@6_1.mat::w0000,data/raw/source_domain/cwru_48khz_de/OR007@6_1.mat,OR,1.0,F1,R1,test,E0_baseline,LR_0.1_none,0.9961028194402066,0.003853647885610464,5.808514434410884e-06,3.772415974850072e-05,OR
source::data/raw/source_domain/cwru_48khz_de/OR007@6_1.mat::w0001,data/raw/source_domain/cwru_48khz_de/OR007@6_1.mat,OR,1.0,F1,R1,test,E0_baseline,LR_0.1_none,0.9955978123148292,0.004355628427829635,6.180048927461633e-06,4.037920841372482e-05,OR
source::data/raw/source_domain/cwru_48khz_de/OR007@6_1.mat::w0002,data/raw/source_domain/cwru_48khz_de/OR007@6_1.mat,OR,1.0,F1,R1,test,E0_baseline,LR_0.1_none,0.9954276033452177,0.004525211442444987,6.240531210517483e-06,4.0944681126703616e-05,OR
source::data/raw/source_domain/cwru_48khz_de/OR007@6_1.mat::w0003,data/raw/source_domain/cwru_48khz_de/OR007@6_1.mat,OR,1.0,F1,R1,test,E0_baseline,LR_0.1_none,0.9954325503249998,0.004522196565593535,5.649473222025742e-06,3.960363618471044e-05,OR
source::data/raw/source_domain/cwru_48khz_de/OR007@6_1.mat::w0004,data/raw/source_domain/cwru_48khz_de/OR007@6_1.mat,OR,1.0,F1,R1,test,E0_baseline,LR_0.1_none,0.9943283840817756,0.005620725196363859,6.290619814466833e-06,4.460010204602232e-05,OR
source::data/raw/source_domain/cwru_48khz_de/OR007@6_1.mat::w0005,data/raw/source_domain/cwru_48khz_de/OR007@6_1.mat,OR,1.0,F1,R1,test,E0_baseline,LR_0.1_none,0.9944616818658111,0.0054883920366743935,6.0034380635628725e-06,4.3922659451009455e-05,OR
source::data/raw/source_domain/cwru_48khz_de/OR007@6_1.mat::w0006,data/raw/source_domain/cwru_48khz_de/OR007@6_1.mat,OR,1.0,F1,R1,test,E0_baseline,LR_0.1_none,0.9944586362221735,0.005488098035199066,6.828423814669385e-06,4.643731881284468e-05,OR
source::data/raw/source_domain/cwru_48khz_de/OR014@6_3.mat::w0000,data/raw/source_domain/cwru_48khz_de/OR014@6_3.mat,OR,3.0,F1,R1,test,E0_baseline,LR_0.1_none,0.22850918947202828,0.0656866415133839,0.6954142337063085,0.010389935308279221,B
source::data/raw/source_domain/cwru_48khz_de/OR014@6_3.mat::w0001,data/raw/source_domain/cwru_48khz_de/OR014@6_3.mat,OR,3.0,F1,R1,test,E0_baseline,LR_0.1_none,0.306649029874231,0.0935085418317344,0.5883103456603792,0.011532082633655304,B
source::data/raw/source_domain/cwru_48khz_de/OR014@6_3.mat::w0002,data/raw/source_domain/cwru_48khz_de/OR014@6_3.mat,OR,3.0,F1,R1,test,E0_baseline,LR_0.1_none,0.2690878764193101,0.05589060562111163,0.6650812890669542,0.009940228892624131,B
source::data/raw/source_domain/cwru_48khz_de/OR014@6_3.mat::w0003,data/raw/source_domain/cwru_48khz_de/OR014@6_3.mat,OR,3.0,F1,R1,test,E0_baseline,LR_0.1_none,0.3017346534040538,0.05563502652528199,0.632828575218563,0.00980174485210132,B
source::data/raw/source_domain/cwru_48khz_de/OR014@6_3.mat::w0004,data/raw/source_domain/cwru_48khz_de/OR014@6_3.mat,OR,3.0,F1,R1,test,E0_baseline,LR_0.1_none,0.2343583158756722,0.051426087712260066,0.7052262204220769,0.008989375989990694,B
source::data/raw/source_domain/cwru_48khz_de/OR014@6_3.mat::w0005,data/raw/source_domain/cwru_48khz_de/OR014@6_3.mat,OR,3.0,F1,R1,test,E0_baseline,LR_0.1_none,0.2982903999669174,0.07333605701106106,0.6163484035839379,0.01202513943808349,B
source::data/raw/source_domain/cwru_48khz_de/OR014@6_3.mat::w0006,data/raw/source_domain/cwru_48khz_de/OR014@6_3.mat,OR,3.0,F1,R1,test,E0_baseline,LR_0.1_none,0.2964955328218744,0.0600305647696901,0.6316564810391112,0.01181742136932423,B
source::data/raw/source_domain/cwru_48khz_de/OR021@12_3.mat::w0000,data/raw/source_domain/cwru_48khz_de/OR021@12_3.mat,OR,3.0,F1,R1,test,E0_baseline,LR_0.1_none,0.8455383756699258,0.12992302924546836,0.023902503157071247,0.0006360919275344898,OR
source::data/raw/source_domain/cwru_48khz_de/OR021@12_3.mat::w0001,data/raw/source_domain/cwru_48khz_de/OR021@12_3.mat,OR,3.0,F1,R1,test,E0_baseline,LR_0.1_none,0.8326970466681022,0.14458165174237708,0.022091001559231712,0.0006303000302889595,OR
source::data/raw/source_domain/cwru_48khz_de/OR021@12_3.mat::w0002,data/raw/source_domain/cwru_48khz_de/OR021@12_3.mat,OR,3.0,F1,R1,test,E0_baseline,LR_0.1_none,0.874517197283154,0.10539789442320166,0.019567839792640863,0.000517068501003512,OR
source::data/raw/source_domain/cwru_48khz_de/OR021@12_3.mat::w0003,data/raw/source_domain/cwru_48khz_de/OR021@12_3.mat,OR,3.0,F1,R1,test,E0_baseline,LR_0.1_none,0.8321751602041662,0.1413825382999361,0.025900442348084644,0.0005418591478131135,OR
source::data/raw/source_domain/cwru_48khz_de/OR021@12_3.mat::w0004,data/raw/source_domain/cwru_48khz_de/OR021@12_3.mat,OR,3.0,F1,R1,test,E0_baseline,LR_0.1_none,0.8228181943774767,0.14911248900804425,0.02744659129699034,0.0006227253174887233,OR
source::data/raw/source_domain/cwru_48khz_de/OR021@12_3.mat::w0005,data/raw/source_domain/cwru_48khz_de/OR021@12_3.mat,OR,3.0,F1,R1,test,E0_baseline,LR_0.1_none,0.8564701285937988,0.11874987886784642,0.024171443242778406,0.0006085492955764185,OR
source::data/raw/source_domain/cwru_48khz_de/OR021@12_3.mat::w0006,data/raw/source_domain/cwru_48khz_de/OR021@12_3.mat,OR,3.0,F1,R1,test,E0_baseline,LR_0.1_none,0.8310632928762127,0.15076419861478443,0.01745226092365523,0.0007202475853476556,OR
source::data/raw/source_domain/cwru_48khz_de/OR021@3_1.mat::w0000,data/raw/source_domain/cwru_48khz_de/OR021@3_1.mat,OR,1.0,F1,R1,test,E0_baseline,LR_0.1_none,0.8995066520496606,0.05449896200852075,0.044808392976541364,0.001185992965277268,OR
source::data/raw/source_domain/cwru_48khz_de/OR021@3_1.mat::w0001,data/raw/source_domain/cwru_48khz_de/OR021@3_1.mat,OR,1.0,F1,R1,test,E0_baseline,LR_0.1_none,0.9043763141629689,0.048405928910221635,0.04605950154878439,0.0011582553780251036,OR
source::data/raw/source_domain/cwru_48khz_de/OR021@3_1.mat::w0002,data/raw/source_domain/cwru_48khz_de/OR021@3_1.mat,OR,1.0,F1,R1,test,E0_baseline,LR_0.1_none,0.9048944430739914,0.05372521356125215,0.040264384493548425,0.0011159588712081803,OR
source::data/raw/source_domain/cwru_48khz_de/OR021@3_1.mat::w0003,data/raw/source_domain/cwru_48khz_de/OR021@3_1.mat,OR,1.0,F1,R1,test,E0_baseline,LR_0.1_none,0.9405997511672938,0.036197050550115885,0.022284694220036025,0.0009185040625544146,OR
source::data/raw/source_domain/cwru_48khz_de/OR021@3_1.mat::w0004,data/raw/source_domain/cwru_48khz_de/OR021@3_1.mat,OR,1.0,F1,R1,test,E0_baseline,LR_0.1_none,0.9104294446821943,0.060743386432758194,0.027631428816731543,0.001195740068315817,OR
source::data/raw/source_domain/cwru_48khz_de/OR021@3_1.mat::w0005,data/raw/source_domain/cwru_48khz_de/OR021@3_1.mat,OR,1.0,F1,R1,test,E0_baseline,LR_0.1_none,0.920026142634545,0.0510537729731794,0.02783578185039439,0.0010843025418811308,OR
source::data/raw/source_domain/cwru_48khz_de/OR021@3_1.mat::w0006,data/raw/source_domain/cwru_48khz_de/OR021@3_1.mat,OR,1.0,F1,R1,test,E0_baseline,LR_0.1_none,0.9272198038077653,0.041129039454847964,0.030625734257068413,0.0010254224803183498,OR
source::data/raw/source_domain/cwru_48khz_de/OR021@6_2.mat::w0000,data/raw/source_domain/cwru_48khz_de/OR021@6_2.mat,OR,2.0,F1,R1,test,E0_baseline,LR_0.1_none,0.9818463246979332,0.016992115213559575,0.0009976960059936764,0.00016386408251361256,OR
source::data/raw/source_domain/cwru_48khz_de/OR021@6_2.mat::w0001,data/raw/source_domain/cwru_48khz_de/OR021@6_2.mat,OR,2.0,F1,R1,test,E0_baseline,LR_0.1_none,0.9790402712836835,0.019855782697582713,0.000972868702455707,0.00013107731627798276,OR
source::data/raw/source_domain/cwru_48khz_de/OR021@6_2.mat::w0002,data/raw/source_domain/cwru_48khz_de/OR021@6_2.mat,OR,2.0,F1,R1,test,E0_baseline,LR_0.1_none,0.9701607298156595,0.028431652495852805,0.0012238360498797694,0.00018378163860801894,OR
source::data/raw/source_domain/cwru_48khz_de/OR021@6_2.mat::w0003,data/raw/source_domain/cwru_48khz_de/OR021@6_2.mat,OR,2.0,F1,R1,test,E0_baseline,LR_0.1_none,0.9641965154515855,0.034480900291887905,0.0010548878925518664,0.0002676963639747577,OR
source::data/raw/source_domain/cwru_48khz_de/OR021@6_2.mat::w0004,data/raw/source_domain/cwru_48khz_de/OR021@6_2.mat,OR,2.0,F1,R1,test,E0_baseline,LR_0.1_none,0.9571033731306006,0.04059638562273061,0.0019272974380270059,0.00037294380864179256,OR
source::data/raw/source_domain/cwru_48khz_de/OR021@6_2.mat::w0005,data/raw/source_domain/cwru_48khz_de/OR021@6_2.mat,OR,2.0,F1,R1,test,E0_baseline,LR_0.1_none,0.9558363338177508,0.041829615429971045,0.0018764123205962425,0.000457638431681872,OR
source::data/raw/source_domain/cwru_48khz_de/OR021@6_2.mat::w0006,data/raw/source_domain/cwru_48khz_de/OR021@6_2.mat,OR,2.0,F1,R1,test,E0_baseline,LR_0.1_none,0.9723115064694154,0.026324820676669827,0.0010525706631914105,0.0003111021907233626,OR
source::data/raw/source_domain/cwru_48khz_normal/N_0.mat::w0000,data/raw/source_domain/cwru_48khz_normal/N_0.mat,N,0.0,F1,R1,test,E0_baseline,LR_0.1_none,0.8059181658865556,0.13482971898176654,0.0010866679800153238,0.05816544715166249,OR
source::data/raw/source_domain/cwru_48khz_normal/N_0.mat::w0001,data/raw/source_domain/cwru_48khz_normal/N_0.mat,N,0.0,F1,R1,test,E0_baseline,LR_0.1_none,0.6029766098528333,0.3059992085300298,0.004174578114896792,0.08684960350224002,OR
source::data/raw/source_domain/cwru_48khz_normal/N_0.mat::w0002,data/raw/source_domain/cwru_48khz_normal/N_0.mat,N,0.0,F1,R1,test,E0_baseline,LR_0.1_none,0.8002528717239968,0.14356296601542864,0.0016223659465511822,0.054561796314023366,OR
source::data/raw/source_domain/cwru_48khz_normal/N_0.mat::w0003,data/raw/source_domain/cwru_48khz_normal/N_0.mat,N,0.0,F1,R1,test,E0_baseline,LR_0.1_none,0.5216665964415432,0.351023636450098,0.009504353449108499,0.1178054136592504,OR
source::data/raw/source_domain/cwru_48khz_normal/N_0.mat::w0004,data/raw/source_domain/cwru_48khz_normal/N_0.mat,N,0.0,F1,R1,test,E0_baseline,LR_0.1_none,0.5956750560632509,0.3038265720864645,0.003880165265468229,0.09661820658481632,OR
source::data/raw/source_domain/cwru_48khz_normal/N_0.mat::w0005,data/raw/source_domain/cwru_48khz_normal/N_0.mat,N,0.0,F1,R1,test,E0_baseline,LR_0.1_none,0.5868686700425251,0.27254237419233357,0.008673798082358618,0.13191515768278275,OR
source::data/raw/source_domain/cwru_48khz_normal/N_0.mat::w0006,data/raw/source_domain/cwru_48khz_normal/N_0.mat,N,0.0,F1,R1,test,E0_baseline,LR_0.1_none,0.6708302724455625,0.2229739956889491,0.0040143510890151635,0.10218138077647332,OR
source::data/raw/source_domain/cwru_48khz_normal/N_0.mat::w0007,data/raw/source_domain/cwru_48khz_normal/N_0.mat,N,0.0,F1,R1,test,E0_baseline,LR_0.1_none,0.7641185569685984,0.16421269254480025,0.001662969771242143,0.07000578071535925,OR
source::data/raw/source_domain/cwru_48khz_normal/N_0.mat::w0008,data/raw/source_domain/cwru_48khz_normal/N_0.mat,N,0.0,F1,R1,test,E0_baseline,LR_0.1_none,0.6436476415839122,0.27654925595031593,0.0030953264778403604,0.07670777598793162,OR
source::data/raw/source_domain/cwru_48khz_de/B007_1.mat::w0000,data/raw/source_domain/cwru_48khz_de/B007_1.mat,B,1.0,F2,R2,test,E0_baseline,LR_0.1_bal,0.1622358553903233,0.03042941392314676,0.7887582087992362,0.018576521887293893,B
source::data/raw/source_domain/cwru_48khz_de/B007_1.mat::w0001,data/raw/source_domain/cwru_48khz_de/B007_1.mat,B,1.0,F2,R2,test,E0_baseline,LR_0.1_bal,0.2125745669985096,0.07929255567063201,0.6821467964315217,0.025986080899336815,B
source::data/raw/source_domain/cwru_48khz_de/B007_1.mat::w0002,data/raw/source_domain/cwru_48khz_de/B007_1.mat,B,1.0,F2,R2,test,E0_baseline,LR_0.1_bal,0.10065001369412016,0.0438849241920242,0.8417626210883826,0.01370244102547304,B
source::data/raw/source_domain/cwru_48khz_de/B007_1.mat::w0003,data/raw/source_domain/cwru_48khz_de/B007_1.mat,B,1.0,F2,R2,test,E0_baseline,LR_0.1_bal,0.17184116616634398,0.07233287012249595,0.7319043368684143,0.0239216268427458,B
source::data/raw/source_domain/cwru_48khz_de/B007_1.mat::w0004,data/raw/source_domain/cwru_48khz_de/B007_1.mat,B,1.0,F2,R2,test,E0_baseline,LR_0.1_bal,0.2155509393795904,0.046492256390042765,0.7160531950606802,0.021903609169686564,B
source::data/raw/source_domain/cwru_48khz_de/B007_1.mat::w0005,data/raw/source_domain/cwru_48khz_de/B007_1.mat,B,1.0,F2,R2,test,E0_baseline,LR_0.1_bal,0.2956155598695792,0.05031825983028301,0.6248386030231846,0.029227577276953173,B
source::data/raw/source_domain/cwru_48khz_de/B007_1.mat::w0006,data/raw/source_domain/cwru_48khz_de/B007_1.mat,B,1.0,F2,R2,test,E0_baseline,LR_0.1_bal,0.23318631195924866,0.05410340715350513,0.6879589919736175,0.024751288913628624,B
source::data/raw/source_domain/cwru_48khz_de/B014_2.mat::w0000,data/raw/source_domain/cwru_48khz_de/B014_2.mat,B,2.0,F2,R2,test,E0_baseline,LR_0.1_bal,0.0055146269872109995,0.013059842629199967,0.981075120594473,0.00035040978911581434,B
source::data/raw/source_domain/cwru_48khz_de/B014_2.mat::w0001,data/raw/source_domain/cwru_48khz_de/B014_2.mat,B,2.0,F2,R2,test,E0_baseline,LR_0.1_bal,0.01684034668094989,0.1115151222011827,0.8636401332716954,0.008004397846172002,B
source::data/raw/source_domain/cwru_48khz_de/B014_2.mat::w0002,data/raw/source_domain/cwru_48khz_de/B014_2.mat,B,2.0,F2,R2,test,E0_baseline,LR_0.1_bal,0.0035469654839970113,0.0041368265674728896,0.992254134953139,6.20729953908715e-05,B
source::data/raw/source_domain/cwru_48khz_de/B014_2.mat::w0003,data/raw/source_domain/cwru_48khz_de/B014_2.mat,B,2.0,F2,R2,test,E0_baseline,LR_0.1_bal,0.01303240949005142,0.011943046678383605,0.9748766471994886,0.00014789663207642192,B
source::data/raw/source_domain/cwru_48khz_de/B014_2.mat::w0004,data/raw/source_domain/cwru_48khz_de/B014_2.mat,B,2.0,F2,R2,test,E0_baseline,LR_0.1_bal,0.04549639503589593,0.15629267362408233,0.7973506697806243,0.0008602615593974266,B
source::data/raw/source_domain/cwru_48khz_de/B014_2.mat::w0005,data/raw/source_domain/cwru_48khz_de/B014_2.mat,B,2.0,F2,R2,test,E0_baseline,LR_0.1_bal,0.013906900470753367,0.2039581907870254,0.7811776010996557,0.0009573076425656958,B
source::data/raw/source_domain/cwru_48khz_de/B014_2.mat::w0006,data/raw/source_domain/cwru_48khz_de/B014_2.mat,B,2.0,F2,R2,test,E0_baseline,LR_0.1_bal,0.03684015623898184,0.11489728380852911,0.8393003789394647,0.00896218101302438,B
source::data/raw/source_domain/cwru_48khz_de/B021_3.mat::w0000,data/raw/source_domain/cwru_48khz_de/B021_3.mat,B,3.0,F2,R2,test,E0_baseline,LR_0.1_bal,0.13217333529377992,0.0990165010401821,0.7680597053818051,0.0007504582842327475,B
source::data/raw/source_domain/cwru_48khz_de/B021_3.mat::w0001,data/raw/source_domain/cwru_48khz_de/B021_3.mat,B,3.0,F2,R2,test,E0_baseline,LR_0.1_bal,0.2597020548767001,0.05550361514534024,0.6839779483686842,0.0008163816092754952,B
source::data/raw/source_domain/cwru_48khz_de/B021_3.mat::w0002,data/raw/source_domain/cwru_48khz_de/B021_3.mat,B,3.0,F2,R2,test,E0_baseline,LR_0.1_bal,0.3199092415476111,0.03793736122768317,0.6414002563659261,0.0007531408587795931,B
source::data/raw/source_domain/cwru_48khz_de/B021_3.mat::w0003,data/raw/source_domain/cwru_48khz_de/B021_3.mat,B,3.0,F2,R2,test,E0_baseline,LR_0.1_bal,0.25736217712851794,0.09346800843560005,0.6484168995216397,0.0007529149142424009,B
source::data/raw/source_domain/cwru_48khz_de/B021_3.mat::w0004,data/raw/source_domain/cwru_48khz_de/B021_3.mat,B,3.0,F2,R2,test,E0_baseline,LR_0.1_bal,0.30469309549618995,0.2009650867040473,0.4931249639880364,0.0012168538117263452,B
source::data/raw/source_domain/cwru_48khz_de/B021_3.mat::w0005,data/raw/source_domain/cwru_48khz_de/B021_3.mat,B,3.0,F2,R2,test,E0_baseline,LR_0.1_bal,0.014318789145393031,0.3799402380870174,0.6043113542679057,0.0014296184996839077,B
source::data/raw/source_domain/cwru_48khz_de/B021_3.mat::w0006,data/raw/source_domain/cwru_48khz_de/B021_3.mat,B,3.0,F2,R2,test,E0_baseline,LR_0.1_bal,0.2972986406372264,0.12041890395012338,0.5812874888321372,0.0009949665805130993,B
source::data/raw/source_domain/cwru_48khz_de/IR007_2.mat::w0000,data/raw/source_domain/cwru_48khz_de/IR007_2.mat,IR,2.0,F2,R2,test,E0_baseline,LR_0.1_bal,0.023753006892083598,0.9345595438327088,0.027494034161489697,0.014193415113718,IR
source::data/raw/source_domain/cwru_48khz_de/IR007_2.mat::w0001,data/raw/source_domain/cwru_48khz_de/IR007_2.mat,IR,2.0,F2,R2,test,E0_baseline,LR_0.1_bal,0.01919114782136864,0.941162009748194,0.026895232866507374,0.01275160956392998,IR
source::data/raw/source_domain/cwru_48khz_de/IR007_2.mat::w0002,data/raw/source_domain/cwru_48khz_de/IR007_2.mat,IR,2.0,F2,R2,test,E0_baseline,LR_0.1_bal,0.022901691793444267,0.9348138061499848,0.02859390587211213,0.013690596184458795,IR
source::data/raw/source_domain/cwru_48khz_de/IR007_2.mat::w0003,data/raw/source_domain/cwru_48khz_de/IR007_2.mat,IR,2.0,F2,R2,test,E0_baseline,LR_0.1_bal,0.023991119455324877,0.929210767446117,0.033251911258489725,0.013546201840068443,IR
source::data/raw/source_domain/cwru_48khz_de/IR007_2.mat::w0004,data/raw/source_domain/cwru_48khz_de/IR007_2.mat,IR,2.0,F2,R2,test,E0_baseline,LR_0.1_bal,0.01613424089503741,0.9448658937199772,0.026956664714471442,0.012043200670514084,IR
source::data/raw/source_domain/cwru_48khz_de/IR007_2.mat::w0005,data/raw/source_domain/cwru_48khz_de/IR007_2.mat,IR,2.0,F2,R2,test,E0_baseline,LR_0.1_bal,0.015336113698898226,0.947761012266586,0.025342731986740984,0.011560142047774839,IR
source::data/raw/source_domain/cwru_48khz_de/IR007_2.mat::w0006,data/raw/source_domain/cwru_48khz_de/IR007_2.mat,IR,2.0,F2,R2,test,E0_baseline,LR_0.1_bal,0.015161363427651139,0.9486947817344553,0.02458526372318055,0.011558591114712953,IR
source::data/raw/source_domain/cwru_48khz_de/IR014_3.mat::w0000,data/raw/source_domain/cwru_48khz_de/IR014_3.mat,IR,3.0,F2,R2,test,E0_baseline,LR_0.1_bal,0.9978296996004075,1.1269391659895009e-07,0.0003133561831038279,0.0018568315225720852,OR
source::data/raw/source_domain/cwru_48khz_de/IR014_3.mat::w0001,data/raw/source_domain/cwru_48khz_de/IR014_3.mat,IR,3.0,F2,R2,test,E0_baseline,LR_0.1_bal,0.12641816730123398,0.7303521113788848,0.14045060023972677,0.002779121080154454,IR
source::data/raw/source_domain/cwru_48khz_de/IR014_3.mat::w0002,data/raw/source_domain/cwru_48khz_de/IR014_3.mat,IR,3.0,F2,R2,test,E0_baseline,LR_0.1_bal,0.14110602434677405,0.6686974992388507,0.18804309382348297,0.002153382590892294,IR
source::data/raw/source_domain/cwru_48khz_de/IR014_3.mat::w0003,data/raw/source_domain/cwru_48khz_de/IR014_3.mat,IR,3.0,F2,R2,test,E0_baseline,LR_0.1_bal,0.13419447837566403,0.6419408451269945,0.2216677768301284,0.002196899667213216,IR
source::data/raw/source_domain/cwru_48khz_de/IR014_3.mat::w0004,data/raw/source_domain/cwru_48khz_de/IR014_3.mat,IR,3.0,F2,R2,test,E0_baseline,LR_0.1_bal,0.13030492337868574,0.6974953533533131,0.16876774199904587,0.003431981268955262,IR
source::data/raw/source_domain/cwru_48khz_de/IR014_3.mat::w0005,data/raw/source_domain/cwru_48khz_de/IR014_3.mat,IR,3.0,F2,R2,test,E0_baseline,LR_0.1_bal,0.11948401343622607,0.661215303196937,0.2157955062858954,0.0035051770809415963,IR
source::data/raw/source_domain/cwru_48khz_de/IR014_3.mat::w0006,data/raw/source_domain/cwru_48khz_de/IR014_3.mat,IR,3.0,F2,R2,test,E0_baseline,LR_0.1_bal,0.11942420367148318,0.7226095060437114,0.1554358718077005,0.002530418477104906,IR
source::data/raw/source_domain/cwru_48khz_de/IR021_0.mat::w0000,data/raw/source_domain/cwru_48khz_de/IR021_0.mat,IR,0.0,F2,R2,test,E0_baseline,LR_0.1_bal,0.021117905218030877,0.9154816743516643,0.06196252185753125,0.0014378985727736483,IR
source::data/raw/source_domain/cwru_48khz_de/IR021_0.mat::w0001,data/raw/source_domain/cwru_48khz_de/IR021_0.mat,IR,0.0,F2,R2,test,E0_baseline,LR_0.1_bal,0.021848703248115494,0.9067359042600057,0.06995019312405562,0.001465199367823078,IR
source::data/raw/source_domain/cwru_48khz_de/IR021_0.mat::w0002,data/raw/source_domain/cwru_48khz_de/IR021_0.mat,IR,0.0,F2,R2,test,E0_baseline,LR_0.1_bal,0.028854279852607245,0.8936179448449536,0.07574944280561265,0.0017783324968263603,IR
source::data/raw/source_domain/cwru_48khz_de/IR021_0.mat::w0003,data/raw/source_domain/cwru_48khz_de/IR021_0.mat,IR,0.0,F2,R2,test,E0_baseline,LR_0.1_bal,0.015849955421385217,0.9188950598834661,0.06413959678806903,0.0011153879070796389,IR
source::data/raw/source_domain/cwru_48khz_de/IR021_0.mat::w0004,data/raw/source_domain/cwru_48khz_de/IR021_0.mat,IR,0.0,F2,R2,test,E0_baseline,LR_0.1_bal,0.021424662934827785,0.8984954419947632,0.07875343577617515,0.0013264592942340686,IR
source::data/raw/source_domain/cwru_48khz_de/IR021_0.mat::w0005,data/raw/source_domain/cwru_48khz_de/IR021_0.mat,IR,0.0,F2,R2,test,E0_baseline,LR_0.1_bal,0.02877950595575126,0.8945580491485546,0.07504907482388506,0.0016133700718091533,IR
source::data/raw/source_domain/cwru_48khz_de/IR021_0.mat::w0006,data/raw/source_domain/cwru_48khz_de/IR021_0.mat,IR,0.0,F2,R2,test,E0_baseline,LR_0.1_bal,0.02219108236345762,0.9310146598829103,0.045322944268064734,0.0014713134855673772,IR
source::data/raw/source_domain/cwru_48khz_de/OR007@12_3.mat::w0000,data/raw/source_domain/cwru_48khz_de/OR007@12_3.mat,OR,3.0,F2,R2,test,E0_baseline,LR_0.1_bal,0.49471043864259756,0.3345613133787456,0.15814712726365834,0.012581120714998579,OR
source::data/raw/source_domain/cwru_48khz_de/OR007@12_3.mat::w0001,data/raw/source_domain/cwru_48khz_de/OR007@12_3.mat,OR,3.0,F2,R2,test,E0_baseline,LR_0.1_bal,0.5355510117582691,0.2357636954278247,0.21629530652358334,0.01238998629032288,OR
source::data/raw/source_domain/cwru_48khz_de/OR007@12_3.mat::w0002,data/raw/source_domain/cwru_48khz_de/OR007@12_3.mat,OR,3.0,F2,R2,test,E0_baseline,LR_0.1_bal,0.5393768904457867,0.22340673452891982,0.22336379452666907,0.013852580498624343,OR
source::data/raw/source_domain/cwru_48khz_de/OR007@12_3.mat::w0003,data/raw/source_domain/cwru_48khz_de/OR007@12_3.mat,OR,3.0,F2,R2,test,E0_baseline,LR_0.1_bal,0.5053358168930632,0.2891060248527449,0.19111292426268728,0.014445233991504573,OR
source::data/raw/source_domain/cwru_48khz_de/OR007@12_3.mat::w0004,data/raw/source_domain/cwru_48khz_de/OR007@12_3.mat,OR,3.0,F2,R2,test,E0_baseline,LR_0.1_bal,0.5189228757593789,0.23064805998853688,0.2367685217487468,0.013660542503337371,OR
source::data/raw/source_domain/cwru_48khz_de/OR007@12_3.mat::w0005,data/raw/source_domain/cwru_48khz_de/OR007@12_3.mat,OR,3.0,F2,R2,test,E0_baseline,LR_0.1_bal,0.5526991426415383,0.24531568111428279,0.18853997360597466,0.013445202638204173,OR
source::data/raw/source_domain/cwru_48khz_de/OR007@12_3.mat::w0006,data/raw/source_domain/cwru_48khz_de/OR007@12_3.mat,OR,3.0,F2,R2,test,E0_baseline,LR_0.1_bal,0.48672547041394076,0.2631247781649263,0.23809299740697645,0.012056754014156545,OR
source::data/raw/source_domain/cwru_48khz_de/OR007@3_1.mat::w0000,data/raw/source_domain/cwru_48khz_de/OR007@3_1.mat,OR,1.0,F2,R2,test,E0_baseline,LR_0.1_bal,0.8445206349380758,0.12948686733781176,0.009978603170110319,0.01601389455400216,OR
source::data/raw/source_domain/cwru_48khz_de/OR007@3_1.mat::w0001,data/raw/source_domain/cwru_48khz_de/OR007@3_1.mat,OR,1.0,F2,R2,test,E0_baseline,LR_0.1_bal,0.8050510710903587,0.16712641084045274,0.009761367371506955,0.018061150697681615,OR
source::data/raw/source_domain/cwru_48khz_de/OR007@3_1.mat::w0002,data/raw/source_domain/cwru_48khz_de/OR007@3_1.mat,OR,1.0,F2,R2,test,E0_baseline,LR_0.1_bal,0.8123172287683542,0.16320280338985665,0.00801899233130312,0.01646097551048607,OR
source::data/raw/source_domain/cwru_48khz_de/OR007@3_1.mat::w0003,data/raw/source_domain/cwru_48khz_de/OR007@3_1.mat,OR,1.0,F2,R2,test,E0_baseline,LR_0.1_bal,0.8569377453752515,0.11965084720851968,0.008643500495064571,0.01476790692116419,OR
source::data/raw/source_domain/cwru_48khz_de/OR007@3_1.mat::w0004,data/raw/source_domain/cwru_48khz_de/OR007@3_1.mat,OR,1.0,F2,R2,test,E0_baseline,LR_0.1_bal,0.8325992282639518,0.14151176035665172,0.010116786191086734,0.015772225188309803,OR
source::data/raw/source_domain/cwru_48khz_de/OR007@3_1.mat::w0005,data/raw/source_domain/cwru_48khz_de/OR007@3_1.mat,OR,1.0,F2,R2,test,E0_baseline,LR_0.1_bal,0.7848666191888113,0.18812872805257963,0.009873248095013231,0.017131404663595872,OR
source::data/raw/source_domain/cwru_48khz_de/OR007@3_1.mat::w0006,data/raw/source_domain/cwru_48khz_de/OR007@3_1.mat,OR,1.0,F2,R2,test,E0_baseline,LR_0.1_bal,0.8515806070557872,0.12591505859141114,0.007844078436747216,0.01466025591605441,OR
source::data/raw/source_domain/cwru_48khz_de/OR007@6_2.mat::w0000,data/raw/source_domain/cwru_48khz_de/OR007@6_2.mat,OR,2.0,F2,R2,test,E0_baseline,LR_0.1_bal,0.996118360479755,0.003062969497154475,1.9270789152365688e-05,0.0007993992339381479,OR
source::data/raw/source_domain/cwru_48khz_de/OR007@6_2.mat::w0001,data/raw/source_domain/cwru_48khz_de/OR007@6_2.mat,OR,2.0,F2,R2,test,E0_baseline,LR_0.1_bal,0.9965249567013248,0.002769391385775901,1.8174301398672363e-05,0.000687477611500747,OR
source::data/raw/source_domain/cwru_48khz_de/OR007@6_2.mat::w0002,data/raw/source_domain/cwru_48khz_de/OR007@6_2.mat,OR,2.0,F2,R2,test,E0_baseline,LR_0.1_bal,0.9967662931728235,0.002613738595685735,1.705760359076562e-05,0.0006029106279000014,OR
source::data/raw/source_domain/cwru_48khz_de/OR007@6_2.mat::w0003,data/raw/source_domain/cwru_48khz_de/OR007@6_2.mat,OR,2.0,F2,R2,test,E0_baseline,LR_0.1_bal,0.9968371703634419,0.002540961055320608,1.7821411154788822e-05,0.000604047170082841,OR
source::data/raw/source_domain/cwru_48khz_de/OR007@6_2.mat::w0004,data/raw/source_domain/cwru_48khz_de/OR007@6_2.mat,OR,2.0,F2,R2,test,E0_baseline,LR_0.1_bal,0.9968153108895208,0.0024838925253489004,1.8214635471506686e-05,0.0006825819496588652,OR
source::data/raw/source_domain/cwru_48khz_de/OR007@6_2.mat::w0005,data/raw/source_domain/cwru_48khz_de/OR007@6_2.mat,OR,2.0,F2,R2,test,E0_baseline,LR_0.1_bal,0.996398867701343,0.002835261122964555,1.830722243239215e-05,0.0007475639532599417,OR
source::data/raw/source_domain/cwru_48khz_de/OR007@6_2.mat::w0006,data/raw/source_domain/cwru_48khz_de/OR007@6_2.mat,OR,2.0,F2,R2,test,E0_baseline,LR_0.1_bal,0.9964359040312756,0.002799461296623386,2.1454817824282696e-05,0.0007431798542767956,OR
source::data/raw/source_domain/cwru_48khz_de/OR014@6_0.mat::w0000,data/raw/source_domain/cwru_48khz_de/OR014@6_0.mat,OR,0.0,F2,R2,test,E0_baseline,LR_0.1_bal,0.08302032863178153,0.37117110181348223,0.5253562546574873,0.020452314897249052,B
source::data/raw/source_domain/cwru_48khz_de/OR014@6_0.mat::w0001,data/raw/source_domain/cwru_48khz_de/OR014@6_0.mat,OR,0.0,F2,R2,test,E0_baseline,LR_0.1_bal,0.07342621556638296,0.40023032415844134,0.5033416323031591,0.023001827972016622,B
source::data/raw/source_domain/cwru_48khz_de/OR014@6_0.mat::w0002,data/raw/source_domain/cwru_48khz_de/OR014@6_0.mat,OR,0.0,F2,R2,test,E0_baseline,LR_0.1_bal,0.16863499605802443,0.1539270647617322,0.6532259872748477,0.02421195190539564,B
source::data/raw/source_domain/cwru_48khz_de/OR014@6_0.mat::w0003,data/raw/source_domain/cwru_48khz_de/OR014@6_0.mat,OR,0.0,F2,R2,test,E0_baseline,LR_0.1_bal,0.07546969922287763,0.13200093386107478,0.7856120509490121,0.006917315967035344,B
source::data/raw/source_domain/cwru_48khz_de/OR014@6_0.mat::w0004,data/raw/source_domain/cwru_48khz_de/OR014@6_0.mat,OR,0.0,F2,R2,test,E0_baseline,LR_0.1_bal,0.19794073313775618,0.03917800981772205,0.7564909304493568,0.006390326595165017,B
source::data/raw/source_domain/cwru_48khz_de/OR014@6_0.mat::w0005,data/raw/source_domain/cwru_48khz_de/OR014@6_0.mat,OR,0.0,F2,R2,test,E0_baseline,LR_0.1_bal,0.06710535601323972,0.12036836359675769,0.8072191843733577,0.00530709601664485,B
source::data/raw/source_domain/cwru_48khz_de/OR014@6_0.mat::w0006,data/raw/source_domain/cwru_48khz_de/OR014@6_0.mat,OR,0.0,F2,R2,test,E0_baseline,LR_0.1_bal,0.11658331263634308,0.15814387806736105,0.7138822561996362,0.011390553096659692,B
source::data/raw/source_domain/cwru_48khz_de/OR021@12_0.mat::w0000,data/raw/source_domain/cwru_48khz_de/OR021@12_0.mat,OR,0.0,F2,R2,test,E0_baseline,LR_0.1_bal,0.80096705836372,0.19169643009461063,0.007169306433597652,0.00016720510807178074,OR
source::data/raw/source_domain/cwru_48khz_de/OR021@12_0.mat::w0001,data/raw/source_domain/cwru_48khz_de/OR021@12_0.mat,OR,0.0,F2,R2,test,E0_baseline,LR_0.1_bal,0.7828652183898632,0.21001200864568711,0.0069253786379251114,0.00019739432652453063,OR
source::data/raw/source_domain/cwru_48khz_de/OR021@12_0.mat::w0002,data/raw/source_domain/cwru_48khz_de/OR021@12_0.mat,OR,0.0,F2,R2,test,E0_baseline,LR_0.1_bal,0.7792066985950863,0.20986430985589974,0.010710059644866645,0.00021893190414720045,OR
source::data/raw/source_domain/cwru_48khz_de/OR021@12_0.mat::w0003,data/raw/source_domain/cwru_48khz_de/OR021@12_0.mat,OR,0.0,F2,R2,test,E0_baseline,LR_0.1_bal,0.7506914531810585,0.23993813739686612,0.009182456891399569,0.00018795253067578437,OR
source::data/raw/source_domain/cwru_48khz_de/OR021@3_2.mat::w0000,data/raw/source_domain/cwru_48khz_de/OR021@3_2.mat,OR,2.0,F2,R2,test,E0_baseline,LR_0.1_bal,0.8861080098866252,0.03008827248705994,0.0822266753272129,0.0015770422991020514,OR
source::data/raw/source_domain/cwru_48khz_de/OR021@3_2.mat::w0001,data/raw/source_domain/cwru_48khz_de/OR021@3_2.mat,OR,2.0,F2,R2,test,E0_baseline,LR_0.1_bal,0.9010739062042953,0.020279047739766503,0.07755613842982738,0.0010909076261109512,OR
source::data/raw/source_domain/cwru_48khz_de/OR021@3_2.mat::w0002,data/raw/source_domain/cwru_48khz_de/OR021@3_2.mat,OR,2.0,F2,R2,test,E0_baseline,LR_0.1_bal,0.9157754925643383,0.022423596317583967,0.06073184886576472,0.0010690622523128759,OR
source::data/raw/source_domain/cwru_48khz_de/OR021@3_2.mat::w0003,data/raw/source_domain/cwru_48khz_de/OR021@3_2.mat,OR,2.0,F2,R2,test,E0_baseline,LR_0.1_bal,0.9182902695689401,0.027833771741807296,0.05269383498500938,0.001182123704243202,OR
source::data/raw/source_domain/cwru_48khz_de/OR021@3_2.mat::w0004,data/raw/source_domain/cwru_48khz_de/OR021@3_2.mat,OR,2.0,F2,R2,test,E0_baseline,LR_0.1_bal,0.8689670957774102,0.040872951822756194,0.08867345800906709,0.0014864943907665813,OR
source::data/raw/source_domain/cwru_48khz_de/OR021@3_2.mat::w0005,data/raw/source_domain/cwru_48khz_de/OR021@3_2.mat,OR,2.0,F2,R2,test,E0_baseline,LR_0.1_bal,0.8667006950626298,0.045705626312787524,0.08606631195546678,0.0015273666691158346,OR
source::data/raw/source_domain/cwru_48khz_de/OR021@3_2.mat::w0006,data/raw/source_domain/cwru_48khz_de/OR021@3_2.mat,OR,2.0,F2,R2,test,E0_baseline,LR_0.1_bal,0.885910973597953,0.04538366519136821,0.0671786659624514,0.0015266952482274367,OR
source::data/raw/source_domain/cwru_48khz_de/OR021@6_3.mat::w0000,data/raw/source_domain/cwru_48khz_de/OR021@6_3.mat,OR,3.0,F2,R2,test,E0_baseline,LR_0.1_bal,0.9652213789447218,0.03110541006407337,0.0029468477356881686,0.0007263632555165596,OR
source::data/raw/source_domain/cwru_48khz_de/OR021@6_3.mat::w0001,data/raw/source_domain/cwru_48khz_de/OR021@6_3.mat,OR,3.0,F2,R2,test,E0_baseline,LR_0.1_bal,0.9669371023967764,0.02714863668692666,0.0052401215580378255,0.0006741393582591515,OR
source::data/raw/source_domain/cwru_48khz_de/OR021@6_3.mat::w0002,data/raw/source_domain/cwru_48khz_de/OR021@6_3.mat,OR,3.0,F2,R2,test,E0_baseline,LR_0.1_bal,0.9802678537728793,0.01572766150128087,0.0032460051970170435,0.0007584795288227439,OR
source::data/raw/source_domain/cwru_48khz_de/OR021@6_3.mat::w0003,data/raw/source_domain/cwru_48khz_de/OR021@6_3.mat,OR,3.0,F2,R2,test,E0_baseline,LR_0.1_bal,0.9760615064561124,0.018377425146628476,0.004727452195150642,0.0008336162021083877,OR
source::data/raw/source_domain/cwru_48khz_de/OR021@6_3.mat::w0004,data/raw/source_domain/cwru_48khz_de/OR021@6_3.mat,OR,3.0,F2,R2,test,E0_baseline,LR_0.1_bal,0.9761235485802283,0.019537526953828696,0.003978820385316523,0.00036010408062641004,OR
source::data/raw/source_domain/cwru_48khz_de/OR021@6_3.mat::w0005,data/raw/source_domain/cwru_48khz_de/OR021@6_3.mat,OR,3.0,F2,R2,test,E0_baseline,LR_0.1_bal,0.98714240489917,0.00968106207197941,0.002869887782757725,0.0003066452460927678,OR
source::data/raw/source_domain/cwru_48khz_de/OR021@6_3.mat::w0006,data/raw/source_domain/cwru_48khz_de/OR021@6_3.mat,OR,3.0,F2,R2,test,E0_baseline,LR_0.1_bal,0.9906188657866638,0.006654678343178213,0.0023752965610504043,0.0003511593091076145,OR
source::data/raw/source_domain/cwru_48khz_normal/N_1_(1772rpm).mat::w0000,data/raw/source_domain/cwru_48khz_normal/N_1_(1772rpm).mat,N,1.0,F2,R2,test,E0_baseline,LR_0.1_bal,0.002291639509261165,0.014326910538266997,0.00786039453053633,0.9755210554219355,N
source::data/raw/source_domain/cwru_48khz_normal/N_1_(1772rpm).mat::w0001,data/raw/source_domain/cwru_48khz_normal/N_1_(1772rpm).mat,N,1.0,F2,R2,test,E0_baseline,LR_0.1_bal,0.0029176538283882626,0.011424707714348729,0.009003728251721984,0.9766539102055412,N
source::data/raw/source_domain/cwru_48khz_normal/N_1_(1772rpm).mat::w0002,data/raw/source_domain/cwru_48khz_normal/N_1_(1772rpm).mat,N,1.0,F2,R2,test,E0_baseline,LR_0.1_bal,0.0027403202937427047,0.013643602683813282,0.012421051841722132,0.9711950251807219,N
source::data/raw/source_domain/cwru_48khz_normal/N_1_(1772rpm).mat::w0003,data/raw/source_domain/cwru_48khz_normal/N_1_(1772rpm).mat,N,1.0,F2,R2,test,E0_baseline,LR_0.1_bal,0.002469531921378444,0.011635216380276654,0.009757981909078974,0.976137269789266,N
source::data/raw/source_domain/cwru_48khz_normal/N_1_(1772rpm).mat::w0004,data/raw/source_domain/cwru_48khz_normal/N_1_(1772rpm).mat,N,1.0,F2,R2,test,E0_baseline,LR_0.1_bal,0.004191227891416406,0.008195796901943747,0.012746592279542465,0.9748663829270974,N
source::data/raw/source_domain/cwru_48khz_normal/N_1_(1772rpm).mat::w0005,data/raw/source_domain/cwru_48khz_normal/N_1_(1772rpm).mat,N,1.0,F2,R2,test,E0_baseline,LR_0.1_bal,0.0036348907827718226,0.013603404861296211,0.013969933793290786,0.9687917705626413,N
source::data/raw/source_domain/cwru_48khz_normal/N_1_(1772rpm).mat::w0006,data/raw/source_domain/cwru_48khz_normal/N_1_(1772rpm).mat,N,1.0,F2,R2,test,E0_baseline,LR_0.1_bal,0.006075692798886304,0.008392280206324564,0.005559644922707683,0.9799723820720814,N
source::data/raw/source_domain/cwru_48khz_normal/N_1_(1772rpm).mat::w0007,data/raw/source_domain/cwru_48khz_normal/N_1_(1772rpm).mat,N,1.0,F2,R2,test,E0_baseline,LR_0.1_bal,0.004504837671258341,0.011301256710269367,0.00861459625028967,0.9755793093681826,N
source::data/raw/source_domain/cwru_48khz_normal/N_1_(1772rpm).mat::w0008,data/raw/source_domain/cwru_48khz_normal/N_1_(1772rpm).mat,N,1.0,F2,R2,test,E0_baseline,LR_0.1_bal,0.0030821836439248965,0.014605905297335896,0.010800060687991558,0.9715118503707477,N
source::data/raw/source_domain/cwru_48khz_normal/N_1_(1772rpm).mat::w0009,data/raw/source_domain/cwru_48khz_normal/N_1_(1772rpm).mat,N,1.0,F2,R2,test,E0_baseline,LR_0.1_bal,0.0038134419361430917,0.010296984127231403,0.008865871436851306,0.9770237024997742,N
source::data/raw/source_domain/cwru_48khz_normal/N_1_(1772rpm).mat::w0010,data/raw/source_domain/cwru_48khz_normal/N_1_(1772rpm).mat,N,1.0,F2,R2,test,E0_baseline,LR_0.1_bal,0.003087726679513871,0.012143957064751246,0.006239954113451218,0.9785283621422837,N
source::data/raw/source_domain/cwru_48khz_normal/N_1_(1772rpm).mat::w0011,data/raw/source_domain/cwru_48khz_normal/N_1_(1772rpm).mat,N,1.0,F2,R2,test,E0_baseline,LR_0.1_bal,0.004753343297951003,0.007556989043844767,0.004236599376618873,0.9834530682815855,N
source::data/raw/source_domain/cwru_48khz_normal/N_1_(1772rpm).mat::w0012,data/raw/source_domain/cwru_48khz_normal/N_1_(1772rpm).mat,N,1.0,F2,R2,test,E0_baseline,LR_0.1_bal,0.0026051652158991124,0.012537211030053931,0.010459773897209949,0.974397849856837,N
source::data/raw/source_domain/cwru_48khz_normal/N_1_(1772rpm).mat::w0013,data/raw/source_domain/cwru_48khz_normal/N_1_(1772rpm).mat,N,1.0,F2,R2,test,E0_baseline,LR_0.1_bal,0.0025128893323547946,0.011155746734864575,0.007408135717589998,0.9789232282151906,N
source::data/raw/source_domain/cwru_48khz_normal/N_1_(1772rpm).mat::w0014,data/raw/source_domain/cwru_48khz_normal/N_1_(1772rpm).mat,N,1.0,F2,R2,test,E0_baseline,LR_0.1_bal,0.0030357934328845357,0.010622891714798473,0.01139038619391093,0.974950928658406,N
source::data/raw/source_domain/cwru_48khz_de/B007_2.mat::w0000,data/raw/source_domain/cwru_48khz_de/B007_2.mat,B,2.0,F3,R3,test,E0_baseline,LR_0.1_bal,0.27483635810346174,0.05937978031590459,0.6417584263505746,0.02402543523005915,B
source::data/raw/source_domain/cwru_48khz_de/B007_2.mat::w0001,data/raw/source_domain/cwru_48khz_de/B007_2.mat,B,2.0,F3,R3,test,E0_baseline,LR_0.1_bal,0.2633289511164442,0.058922812168971155,0.6529790465143946,0.024769190200190125,B
source::data/raw/source_domain/cwru_48khz_de/B007_2.mat::w0002,data/raw/source_domain/cwru_48khz_de/B007_2.mat,B,2.0,F3,R3,test,E0_baseline,LR_0.1_bal,0.502008784799639,0.039297934673822275,0.4309011326298546,0.027792147896684247,OR
source::data/raw/source_domain/cwru_48khz_de/B007_2.mat::w0003,data/raw/source_domain/cwru_48khz_de/B007_2.mat,B,2.0,F3,R3,test,E0_baseline,LR_0.1_bal,0.17289162149465948,0.03757086561513125,0.7716774526044398,0.017860060285769537,B
source::data/raw/source_domain/cwru_48khz_de/B007_2.mat::w0004,data/raw/source_domain/cwru_48khz_de/B007_2.mat,B,2.0,F3,R3,test,E0_baseline,LR_0.1_bal,0.22892152214153452,0.03326517476334595,0.7161242113346614,0.02168909176045834,B
source::data/raw/source_domain/cwru_48khz_de/B007_2.mat::w0005,data/raw/source_domain/cwru_48khz_de/B007_2.mat,B,2.0,F3,R3,test,E0_baseline,LR_0.1_bal,0.25795938071520136,0.02984070423416527,0.6948457099688143,0.017354205081818976,B
source::data/raw/source_domain/cwru_48khz_de/B007_2.mat::w0006,data/raw/source_domain/cwru_48khz_de/B007_2.mat,B,2.0,F3,R3,test,E0_baseline,LR_0.1_bal,0.21286733546073205,0.05489406263431742,0.7086408742162684,0.023597727688682093,B
source::data/raw/source_domain/cwru_48khz_de/B014_3.mat::w0000,data/raw/source_domain/cwru_48khz_de/B014_3.mat,B,3.0,F3,R3,test,E0_baseline,LR_0.1_bal,0.02777419779952941,0.02903047448590287,0.9421463196648773,0.0010490080496907326,B
source::data/raw/source_domain/cwru_48khz_de/B014_3.mat::w0001,data/raw/source_domain/cwru_48khz_de/B014_3.mat,B,3.0,F3,R3,test,E0_baseline,LR_0.1_bal,0.0369365430925989,0.06638941114480483,0.8957197141690904,0.0009543315935060361,B
source::data/raw/source_domain/cwru_48khz_de/B014_3.mat::w0002,data/raw/source_domain/cwru_48khz_de/B014_3.mat,B,3.0,F3,R3,test,E0_baseline,LR_0.1_bal,0.029760294930043223,0.045817788545206496,0.923616697157217,0.0008052193675333737,B
source::data/raw/source_domain/cwru_48khz_de/B014_3.mat::w0003,data/raw/source_domain/cwru_48khz_de/B014_3.mat,B,3.0,F3,R3,test,E0_baseline,LR_0.1_bal,0.007551580957233638,0.012757063051680704,0.9781301027863857,0.0015612532046999762,B
source::data/raw/source_domain/cwru_48khz_de/B014_3.mat::w0004,data/raw/source_domain/cwru_48khz_de/B014_3.mat,B,3.0,F3,R3,test,E0_baseline,LR_0.1_bal,0.024958348373850837,0.10198471892965819,0.8723361726387852,0.0007207600577058254,B
source::data/raw/source_domain/cwru_48khz_de/B014_3.mat::w0005,data/raw/source_domain/cwru_48khz_de/B014_3.mat,B,3.0,F3,R3,test,E0_baseline,LR_0.1_bal,0.04504859966202682,0.0949463597166764,0.8588445464111312,0.0011604942101656102,B
source::data/raw/source_domain/cwru_48khz_de/B014_3.mat::w0006,data/raw/source_domain/cwru_48khz_de/B014_3.mat,B,3.0,F3,R3,test,E0_baseline,LR_0.1_bal,0.027889792850669656,0.01809816045795767,0.9495517938822297,0.004460252809143,B
source::data/raw/source_domain/cwru_48khz_de/B021_0.mat::w0000,data/raw/source_domain/cwru_48khz_de/B021_0.mat,B,0.0,F3,R3,test,E0_baseline,LR_0.1_bal,0.0747842764222261,0.4826476592945506,0.4353635719442197,0.007204492339003557,IR
source::data/raw/source_domain/cwru_48khz_de/B021_0.mat::w0001,data/raw/source_domain/cwru_48khz_de/B021_0.mat,B,0.0,F3,R3,test,E0_baseline,LR_0.1_bal,0.15308961272419108,0.5626453437564021,0.27338108437269854,0.010883959146708483,IR
source::data/raw/source_domain/cwru_48khz_de/B021_0.mat::w0002,data/raw/source_domain/cwru_48khz_de/B021_0.mat,B,0.0,F3,R3,test,E0_baseline,LR_0.1_bal,0.0808865761032851,0.12874104434431421,0.7878203942383707,0.002551985314029905,B
source::data/raw/source_domain/cwru_48khz_de/B021_0.mat::w0003,data/raw/source_domain/cwru_48khz_de/B021_0.mat,B,0.0,F3,R3,test,E0_baseline,LR_0.1_bal,0.1770252713820804,0.4798784334363525,0.33708997159279125,0.006006323588775799,IR
source::data/raw/source_domain/cwru_48khz_de/B021_0.mat::w0004,data/raw/source_domain/cwru_48khz_de/B021_0.mat,B,0.0,F3,R3,test,E0_baseline,LR_0.1_bal,0.13938140928836262,0.6054179103187548,0.24564082404292775,0.00955985634995494,IR
source::data/raw/source_domain/cwru_48khz_de/B021_0.mat::w0005,data/raw/source_domain/cwru_48khz_de/B021_0.mat,B,0.0,F3,R3,test,E0_baseline,LR_0.1_bal,0.15409475455550092,0.5307216777991558,0.3047249186872691,0.010458648958074168,IR
source::data/raw/source_domain/cwru_48khz_de/B021_0.mat::w0006,data/raw/source_domain/cwru_48khz_de/B021_0.mat,B,0.0,F3,R3,test,E0_baseline,LR_0.1_bal,0.03971561069184687,0.4580184864237945,0.49715110218464936,0.005114800699709265,B
source::data/raw/source_domain/cwru_48khz_de/IR007_3.mat::w0000,data/raw/source_domain/cwru_48khz_de/IR007_3.mat,IR,3.0,F3,R3,test,E0_baseline,LR_0.1_bal,0.17710176428267835,0.603120156685928,0.14221790271842993,0.07756017631296365,IR
source::data/raw/source_domain/cwru_48khz_de/IR007_3.mat::w0001,data/raw/source_domain/cwru_48khz_de/IR007_3.mat,IR,3.0,F3,R3,test,E0_baseline,LR_0.1_bal,0.1597625899716377,0.6350986339326105,0.13447275873503395,0.07066601736071795,IR
source::data/raw/source_domain/cwru_48khz_de/IR007_3.mat::w0002,data/raw/source_domain/cwru_48khz_de/IR007_3.mat,IR,3.0,F3,R3,test,E0_baseline,LR_0.1_bal,0.1692364053497062,0.6148751445681361,0.1408821139005444,0.07500633618161337,IR
source::data/raw/source_domain/cwru_48khz_de/IR007_3.mat::w0003,data/raw/source_domain/cwru_48khz_de/IR007_3.mat,IR,3.0,F3,R3,test,E0_baseline,LR_0.1_bal,0.17872423994753933,0.6086843984637126,0.1383406176773133,0.07425074391143488,IR
source::data/raw/source_domain/cwru_48khz_de/IR007_3.mat::w0004,data/raw/source_domain/cwru_48khz_de/IR007_3.mat,IR,3.0,F3,R3,test,E0_baseline,LR_0.1_bal,0.1612348691733051,0.6314881865209485,0.13494286599408692,0.07233407831165946,IR
source::data/raw/source_domain/cwru_48khz_de/IR007_3.mat::w0005,data/raw/source_domain/cwru_48khz_de/IR007_3.mat,IR,3.0,F3,R3,test,E0_baseline,LR_0.1_bal,0.15468680206795352,0.6340549791818524,0.13459375123119022,0.07666446751900394,IR
source::data/raw/source_domain/cwru_48khz_de/IR007_3.mat::w0006,data/raw/source_domain/cwru_48khz_de/IR007_3.mat,IR,3.0,F3,R3,test,E0_baseline,LR_0.1_bal,0.13101289420198772,0.6751820483824207,0.12570508730799895,0.0680999701075926,IR
source::data/raw/source_domain/cwru_48khz_de/IR014_0.mat::w0000,data/raw/source_domain/cwru_48khz_de/IR014_0.mat,IR,0.0,F3,R3,test,E0_baseline,LR_0.1_bal,0.7705892422894136,0.07237280814712357,0.14843279602242682,0.008605153541035988,OR
source::data/raw/source_domain/cwru_48khz_de/IR021_1.mat::w0000,data/raw/source_domain/cwru_48khz_de/IR021_1.mat,IR,1.0,F3,R3,test,E0_baseline,LR_0.1_bal,0.2727338097722722,0.6710648872652648,0.05305039371818947,0.0031509092442734647,IR
source::data/raw/source_domain/cwru_48khz_de/IR021_1.mat::w0001,data/raw/source_domain/cwru_48khz_de/IR021_1.mat,IR,1.0,F3,R3,test,E0_baseline,LR_0.1_bal,0.21477077663235614,0.7299506265284781,0.052928084726039666,0.0023505121131261616,IR
source::data/raw/source_domain/cwru_48khz_de/IR021_1.mat::w0002,data/raw/source_domain/cwru_48khz_de/IR021_1.mat,IR,1.0,F3,R3,test,E0_baseline,LR_0.1_bal,0.35094789145529076,0.6211488626265687,0.025162872838746835,0.0027403730793937394,IR
source::data/raw/source_domain/cwru_48khz_de/IR021_1.mat::w0003,data/raw/source_domain/cwru_48khz_de/IR021_1.mat,IR,1.0,F3,R3,test,E0_baseline,LR_0.1_bal,0.30001651140171853,0.6705802367807951,0.026880260079967494,0.002522991737518836,IR
source::data/raw/source_domain/cwru_48khz_de/IR021_1.mat::w0004,data/raw/source_domain/cwru_48khz_de/IR021_1.mat,IR,1.0,F3,R3,test,E0_baseline,LR_0.1_bal,0.3024884948047749,0.6754814932633649,0.019522736546781317,0.0025072753850788497,IR
source::data/raw/source_domain/cwru_48khz_de/IR021_1.mat::w0005,data/raw/source_domain/cwru_48khz_de/IR021_1.mat,IR,1.0,F3,R3,test,E0_baseline,LR_0.1_bal,0.20650425685057677,0.7689884625825274,0.02234865940525732,0.0021586211616386143,IR
source::data/raw/source_domain/cwru_48khz_de/IR021_1.mat::w0006,data/raw/source_domain/cwru_48khz_de/IR021_1.mat,IR,1.0,F3,R3,test,E0_baseline,LR_0.1_bal,0.1943586801076395,0.7812751538261191,0.022205931997798162,0.002160234068443187,IR
source::data/raw/source_domain/cwru_48khz_de/OR007@12_0.mat::w0000,data/raw/source_domain/cwru_48khz_de/OR007@12_0.mat,OR,0.0,F3,R3,test,E0_baseline,LR_0.1_bal,0.6053565132972706,0.2800597720528451,0.09511105575569961,0.01947265889418484,OR
source::data/raw/source_domain/cwru_48khz_de/OR007@12_0.mat::w0001,data/raw/source_domain/cwru_48khz_de/OR007@12_0.mat,OR,0.0,F3,R3,test,E0_baseline,LR_0.1_bal,0.5667004061845792,0.28170509703218866,0.13011101862076566,0.021483478162466582,OR
source::data/raw/source_domain/cwru_48khz_de/OR007@12_0.mat::w0002,data/raw/source_domain/cwru_48khz_de/OR007@12_0.mat,OR,0.0,F3,R3,test,E0_baseline,LR_0.1_bal,0.7061423198446684,0.21710742621031012,0.052323539701619314,0.02442671424340228,OR
source::data/raw/source_domain/cwru_48khz_de/OR007@12_0.mat::w0003,data/raw/source_domain/cwru_48khz_de/OR007@12_0.mat,OR,0.0,F3,R3,test,E0_baseline,LR_0.1_bal,0.6945399878729205,0.22169075605957353,0.06189202834763152,0.021877227719874378,OR
source::data/raw/source_domain/cwru_48khz_de/OR007@3_2.mat::w0000,data/raw/source_domain/cwru_48khz_de/OR007@3_2.mat,OR,2.0,F3,R3,test,E0_baseline,LR_0.1_bal,0.7609992505267197,0.21818056127128685,0.006152791098579326,0.014667397103414186,OR
source::data/raw/source_domain/cwru_48khz_de/OR007@3_2.mat::w0001,data/raw/source_domain/cwru_48khz_de/OR007@3_2.mat,OR,2.0,F3,R3,test,E0_baseline,LR_0.1_bal,0.8449757540863518,0.13598432968799445,0.005888753026930647,0.013151163198723103,OR
source::data/raw/source_domain/cwru_48khz_de/OR007@3_2.mat::w0002,data/raw/source_domain/cwru_48khz_de/OR007@3_2.mat,OR,2.0,F3,R3,test,E0_baseline,LR_0.1_bal,0.8415766234795858,0.13806294262713187,0.0071497770497108235,0.013210656843571441,OR
source::data/raw/source_domain/cwru_48khz_de/OR007@3_2.mat::w0003,data/raw/source_domain/cwru_48khz_de/OR007@3_2.mat,OR,2.0,F3,R3,test,E0_baseline,LR_0.1_bal,0.8380288935620194,0.14121032595725028,0.007214189352558238,0.013546591128172093,OR
source::data/raw/source_domain/cwru_48khz_de/OR007@3_2.mat::w0004,data/raw/source_domain/cwru_48khz_de/OR007@3_2.mat,OR,2.0,F3,R3,test,E0_baseline,LR_0.1_bal,0.8235231838428474,0.15523476920699378,0.00811518026634739,0.013126866683811394,OR
source::data/raw/source_domain/cwru_48khz_de/OR007@3_2.mat::w0005,data/raw/source_domain/cwru_48khz_de/OR007@3_2.mat,OR,2.0,F3,R3,test,E0_baseline,LR_0.1_bal,0.7925487101500442,0.1862141252919906,0.006609122002988478,0.014628042554976671,OR
source::data/raw/source_domain/cwru_48khz_de/OR007@3_2.mat::w0006,data/raw/source_domain/cwru_48khz_de/OR007@3_2.mat,OR,2.0,F3,R3,test,E0_baseline,LR_0.1_bal,0.7892143278956194,0.1889524603266351,0.007533760795811429,0.014299450981934062,OR
source::data/raw/source_domain/cwru_48khz_de/OR007@6_3.mat::w0000,data/raw/source_domain/cwru_48khz_de/OR007@6_3.mat,OR,3.0,F3,R3,test,E0_baseline,LR_0.1_bal,0.9932436409683982,0.00551814168380519,0.00018067482703264088,0.0010575425207640034,OR
source::data/raw/source_domain/cwru_48khz_de/OR007@6_3.mat::w0001,data/raw/source_domain/cwru_48khz_de/OR007@6_3.mat,OR,3.0,F3,R3,test,E0_baseline,LR_0.1_bal,0.9920300975299604,0.006535813953224724,0.00019282286432791647,0.0012412656524868589,OR
source::data/raw/source_domain/cwru_48khz_de/OR007@6_3.mat::w0002,data/raw/source_domain/cwru_48khz_de/OR007@6_3.mat,OR,3.0,F3,R3,test,E0_baseline,LR_0.1_bal,0.9921320791320478,0.00650215818788729,0.00020446254190962628,0.0011613001381551296,OR
source::data/raw/source_domain/cwru_48khz_de/OR007@6_3.mat::w0003,data/raw/source_domain/cwru_48khz_de/OR007@6_3.mat,OR,3.0,F3,R3,test,E0_baseline,LR_0.1_bal,0.9905621593450371,0.007793875539928602,0.00023559384783097682,0.0014083712672032585,OR
source::data/raw/source_domain/cwru_48khz_de/OR007@6_3.mat::w0004,data/raw/source_domain/cwru_48khz_de/OR007@6_3.mat,OR,3.0,F3,R3,test,E0_baseline,LR_0.1_bal,0.9922829406436408,0.006323598749786187,0.00017949831201957884,0.0012139622945535004,OR
source::data/raw/source_domain/cwru_48khz_de/OR007@6_3.mat::w0005,data/raw/source_domain/cwru_48khz_de/OR007@6_3.mat,OR,3.0,F3,R3,test,E0_baseline,LR_0.1_bal,0.9907715207681936,0.007602378455079519,0.00020164013114802576,0.0014244606455787365,OR
source::data/raw/source_domain/cwru_48khz_de/OR007@6_3.mat::w0006,data/raw/source_domain/cwru_48khz_de/OR007@6_3.mat,OR,3.0,F3,R3,test,E0_baseline,LR_0.1_bal,0.9922669742930016,0.006328669142162458,0.00019004564582710668,0.0012143109190089912,OR
source::data/raw/source_domain/cwru_48khz_de/OR014@6_1.mat::w0000,data/raw/source_domain/cwru_48khz_de/OR014@6_1.mat,OR,1.0,F3,R3,test,E0_baseline,LR_0.1_bal,0.09424445632477707,0.01882422561816972,0.8788065490651378,0.008124768991915526,B
source::data/raw/source_domain/cwru_48khz_de/OR014@6_1.mat::w0001,data/raw/source_domain/cwru_48khz_de/OR014@6_1.mat,OR,1.0,F3,R3,test,E0_baseline,LR_0.1_bal,0.32352162146598035,0.04366616777425904,0.6112041515136942,0.02160805924606644,B
source::data/raw/source_domain/cwru_48khz_de/OR014@6_1.mat::w0002,data/raw/source_domain/cwru_48khz_de/OR014@6_1.mat,OR,1.0,F3,R3,test,E0_baseline,LR_0.1_bal,0.12034432489103913,0.022166468777217556,0.8491014431578391,0.008387763173904111,B
source::data/raw/source_domain/cwru_48khz_de/OR014@6_1.mat::w0003,data/raw/source_domain/cwru_48khz_de/OR014@6_1.mat,OR,1.0,F3,R3,test,E0_baseline,LR_0.1_bal,0.12225817556381564,0.021269372048679,0.848326229489932,0.00814622289757335,B
source::data/raw/source_domain/cwru_48khz_de/OR014@6_1.mat::w0004,data/raw/source_domain/cwru_48khz_de/OR014@6_1.mat,OR,1.0,F3,R3,test,E0_baseline,LR_0.1_bal,0.08146695886357064,0.01958996250852546,0.8907988238809814,0.008144254746922562,B
source::data/raw/source_domain/cwru_48khz_de/OR014@6_1.mat::w0005,data/raw/source_domain/cwru_48khz_de/OR014@6_1.mat,OR,1.0,F3,R3,test,E0_baseline,LR_0.1_bal,0.13407815642599077,0.02323623218576899,0.8323151787820071,0.01037043260623309,B
source::data/raw/source_domain/cwru_48khz_de/OR014@6_1.mat::w0006,data/raw/source_domain/cwru_48khz_de/OR014@6_1.mat,OR,1.0,F3,R3,test,E0_baseline,LR_0.1_bal,0.14835831113975578,0.02133099244075378,0.8197014052182319,0.01060929120125847,B
source::data/raw/source_domain/cwru_48khz_de/OR021@12_1.mat::w0000,data/raw/source_domain/cwru_48khz_de/OR021@12_1.mat,OR,1.0,F3,R3,test,E0_baseline,LR_0.1_bal,0.6908764551630829,0.2912880934805074,0.017459506907705744,0.0003759444487039179,OR
source::data/raw/source_domain/cwru_48khz_de/OR021@12_1.mat::w0001,data/raw/source_domain/cwru_48khz_de/OR021@12_1.mat,OR,1.0,F3,R3,test,E0_baseline,LR_0.1_bal,0.7186006124908014,0.26448809742686874,0.016582379508197725,0.0003289105741320569,OR
source::data/raw/source_domain/cwru_48khz_de/OR021@12_1.mat::w0002,data/raw/source_domain/cwru_48khz_de/OR021@12_1.mat,OR,1.0,F3,R3,test,E0_baseline,LR_0.1_bal,0.7554959387485405,0.23159158281893777,0.012630939858472589,0.0002815385740492053,OR
source::data/raw/source_domain/cwru_48khz_de/OR021@12_1.mat::w0003,data/raw/source_domain/cwru_48khz_de/OR021@12_1.mat,OR,1.0,F3,R3,test,E0_baseline,LR_0.1_bal,0.6765725392705422,0.3045234865626274,0.018611168032475544,0.0002928061343548558,OR
source::data/raw/source_domain/cwru_48khz_de/OR021@12_1.mat::w0004,data/raw/source_domain/cwru_48khz_de/OR021@12_1.mat,OR,1.0,F3,R3,test,E0_baseline,LR_0.1_bal,0.6797504834471031,0.29683197908254494,0.023062320946367693,0.00035521652398425637,OR
source::data/raw/source_domain/cwru_48khz_de/OR021@12_1.mat::w0005,data/raw/source_domain/cwru_48khz_de/OR021@12_1.mat,OR,1.0,F3,R3,test,E0_baseline,LR_0.1_bal,0.6904197060143281,0.29630671034909056,0.012844228983361813,0.00042935465321945304,OR
source::data/raw/source_domain/cwru_48khz_de/OR021@12_1.mat::w0006,data/raw/source_domain/cwru_48khz_de/OR021@12_1.mat,OR,1.0,F3,R3,test,E0_baseline,LR_0.1_bal,0.7123137318306189,0.2700599463955741,0.01729413225302451,0.00033218952078247453,OR
source::data/raw/source_domain/cwru_48khz_de/OR021@3_3.mat::w0000,data/raw/source_domain/cwru_48khz_de/OR021@3_3.mat,OR,3.0,F3,R3,test,E0_baseline,LR_0.1_bal,0.9510678476961756,0.012088560817489605,0.03585090767573835,0.0009926838105963577,OR
source::data/raw/source_domain/cwru_48khz_de/OR021@3_3.mat::w0001,data/raw/source_domain/cwru_48khz_de/OR021@3_3.mat,OR,3.0,F3,R3,test,E0_baseline,LR_0.1_bal,0.9437169191958587,0.012214101513350582,0.042995614383487785,0.0010733649073029429,OR
source::data/raw/source_domain/cwru_48khz_de/OR021@3_3.mat::w0002,data/raw/source_domain/cwru_48khz_de/OR021@3_3.mat,OR,3.0,F3,R3,test,E0_baseline,LR_0.1_bal,0.9614675385751332,0.00986968631704166,0.02774160616830131,0.0009211689395238339,OR
source::data/raw/source_domain/cwru_48khz_de/OR021@3_3.mat::w0003,data/raw/source_domain/cwru_48khz_de/OR021@3_3.mat,OR,3.0,F3,R3,test,E0_baseline,LR_0.1_bal,0.9562201404545876,0.010791303967514189,0.032062897120280306,0.0009256584576178657,OR
source::data/raw/source_domain/cwru_48khz_de/OR021@3_3.mat::w0004,data/raw/source_domain/cwru_48khz_de/OR021@3_3.mat,OR,3.0,F3,R3,test,E0_baseline,LR_0.1_bal,0.9517119532040498,0.010341918662508793,0.036958340054687816,0.0009877880787534817,OR
source::data/raw/source_domain/cwru_48khz_de/OR021@3_3.mat::w0005,data/raw/source_domain/cwru_48khz_de/OR021@3_3.mat,OR,3.0,F3,R3,test,E0_baseline,LR_0.1_bal,0.955148293094762,0.011217923256035931,0.03260648147034319,0.0010273021788588443,OR
source::data/raw/source_domain/cwru_48khz_de/OR021@3_3.mat::w0006,data/raw/source_domain/cwru_48khz_de/OR021@3_3.mat,OR,3.0,F3,R3,test,E0_baseline,LR_0.1_bal,0.9448644203427082,0.016362341939490564,0.037527601773192684,0.0012456359446084701,OR
source::data/raw/source_domain/cwru_48khz_de/OR021@6_0.mat::w0000,data/raw/source_domain/cwru_48khz_de/OR021@6_0.mat,OR,0.0,F3,R3,test,E0_baseline,LR_0.1_bal,0.9876821954188172,0.005444563405911495,0.006556977615506708,0.00031626355976472454,OR
source::data/raw/source_domain/cwru_48khz_de/OR021@6_0.mat::w0001,data/raw/source_domain/cwru_48khz_de/OR021@6_0.mat,OR,0.0,F3,R3,test,E0_baseline,LR_0.1_bal,0.9793547147333075,0.012355011800896704,0.007968957685324815,0.00032131578047092527,OR
source::data/raw/source_domain/cwru_48khz_de/OR021@6_0.mat::w0002,data/raw/source_domain/cwru_48khz_de/OR021@6_0.mat,OR,0.0,F3,R3,test,E0_baseline,LR_0.1_bal,0.9793572453340225,0.011925909639894245,0.00841273899214036,0.0003041060339429576,OR
source::data/raw/source_domain/cwru_48khz_de/OR021@6_0.mat::w0003,data/raw/source_domain/cwru_48khz_de/OR021@6_0.mat,OR,0.0,F3,R3,test,E0_baseline,LR_0.1_bal,0.9768247202438608,0.015617457039400762,0.007406766092297495,0.00015105662444090556,OR
source::data/raw/source_domain/cwru_48khz_de/OR021@6_0.mat::w0004,data/raw/source_domain/cwru_48khz_de/OR021@6_0.mat,OR,0.0,F3,R3,test,E0_baseline,LR_0.1_bal,0.9669688539004871,0.02288774094139184,0.009989239349872867,0.00015416580824824616,OR
source::data/raw/source_domain/cwru_48khz_de/OR021@6_0.mat::w0005,data/raw/source_domain/cwru_48khz_de/OR021@6_0.mat,OR,0.0,F3,R3,test,E0_baseline,LR_0.1_bal,0.97886384533468,0.012529313644489068,0.008380502910895449,0.00022633810993549297,OR
source::data/raw/source_domain/cwru_48khz_de/OR021@6_0.mat::w0006,data/raw/source_domain/cwru_48khz_de/OR021@6_0.mat,OR,0.0,F3,R3,test,E0_baseline,LR_0.1_bal,0.9728829147582254,0.01727457986878557,0.00959737191428332,0.00024513345870559393,OR
source::data/raw/source_domain/cwru_48khz_normal/N_2_(1750rpm).mat::w0000,data/raw/source_domain/cwru_48khz_normal/N_2_(1750rpm).mat,N,2.0,F3,R3,test,E0_baseline,LR_0.1_bal,0.008067210089553639,0.003402896187507004,0.011149898199276564,0.9773799955236628,N
source::data/raw/source_domain/cwru_48khz_normal/N_2_(1750rpm).mat::w0001,data/raw/source_domain/cwru_48khz_normal/N_2_(1750rpm).mat,N,2.0,F3,R3,test,E0_baseline,LR_0.1_bal,0.00786302891919035,0.0034531448001538572,0.01347386521930497,0.9752099610613508,N
source::data/raw/source_domain/cwru_48khz_normal/N_2_(1750rpm).mat::w0002,data/raw/source_domain/cwru_48khz_normal/N_2_(1750rpm).mat,N,2.0,F3,R3,test,E0_baseline,LR_0.1_bal,0.004982672102089484,0.006574319670271584,0.027566434303672022,0.960876573923967,N
source::data/raw/source_domain/cwru_48khz_normal/N_2_(1750rpm).mat::w0003,data/raw/source_domain/cwru_48khz_normal/N_2_(1750rpm).mat,N,2.0,F3,R3,test,E0_baseline,LR_0.1_bal,0.004787573487470808,0.007539944305692682,0.023920183734988693,0.9637522984718478,N
source::data/raw/source_domain/cwru_48khz_normal/N_2_(1750rpm).mat::w0004,data/raw/source_domain/cwru_48khz_normal/N_2_(1750rpm).mat,N,2.0,F3,R3,test,E0_baseline,LR_0.1_bal,0.0044844073675031895,0.005224371700791448,0.007847548353303577,0.9824436725784018,N
source::data/raw/source_domain/cwru_48khz_normal/N_2_(1750rpm).mat::w0005,data/raw/source_domain/cwru_48khz_normal/N_2_(1750rpm).mat,N,2.0,F3,R3,test,E0_baseline,LR_0.1_bal,0.006290853168305696,0.004146474439750942,0.011181721773208387,0.9783809506187352,N
source::data/raw/source_domain/cwru_48khz_normal/N_2_(1750rpm).mat::w0006,data/raw/source_domain/cwru_48khz_normal/N_2_(1750rpm).mat,N,2.0,F3,R3,test,E0_baseline,LR_0.1_bal,0.006032430926226046,0.005330288061588343,0.017084015229106055,0.9715532657830797,N
source::data/raw/source_domain/cwru_48khz_normal/N_2_(1750rpm).mat::w0007,data/raw/source_domain/cwru_48khz_normal/N_2_(1750rpm).mat,N,2.0,F3,R3,test,E0_baseline,LR_0.1_bal,0.0066806704848116905,0.005258565610553569,0.021970475286332173,0.9660902886183026,N
source::data/raw/source_domain/cwru_48khz_normal/N_2_(1750rpm).mat::w0008,data/raw/source_domain/cwru_48khz_normal/N_2_(1750rpm).mat,N,2.0,F3,R3,test,E0_baseline,LR_0.1_bal,0.007005439413277948,0.005604405859327101,0.026619681419566617,0.9607704733078283,N
source::data/raw/source_domain/cwru_48khz_normal/N_2_(1750rpm).mat::w0009,data/raw/source_domain/cwru_48khz_normal/N_2_(1750rpm).mat,N,2.0,F3,R3,test,E0_baseline,LR_0.1_bal,0.004808603693950296,0.005675287797057406,0.025785157992846548,0.9637309505161459,N
source::data/raw/source_domain/cwru_48khz_normal/N_2_(1750rpm).mat::w0010,data/raw/source_domain/cwru_48khz_normal/N_2_(1750rpm).mat,N,2.0,F3,R3,test,E0_baseline,LR_0.1_bal,0.007244655767012438,0.0038342105488506154,0.011823849696107365,0.9770972839880296,N
source::data/raw/source_domain/cwru_48khz_normal/N_2_(1750rpm).mat::w0011,data/raw/source_domain/cwru_48khz_normal/N_2_(1750rpm).mat,N,2.0,F3,R3,test,E0_baseline,LR_0.1_bal,0.00739070330860386,0.004188699180847011,0.011149286990724191,0.977271310519825,N
source::data/raw/source_domain/cwru_48khz_normal/N_2_(1750rpm).mat::w0012,data/raw/source_domain/cwru_48khz_normal/N_2_(1750rpm).mat,N,2.0,F3,R3,test,E0_baseline,LR_0.1_bal,0.009224933113212833,0.003321824967340186,0.015514719970599838,0.9719385219488472,N
source::data/raw/source_domain/cwru_48khz_normal/N_2_(1750rpm).mat::w0013,data/raw/source_domain/cwru_48khz_normal/N_2_(1750rpm).mat,N,2.0,F3,R3,test,E0_baseline,LR_0.1_bal,0.006800233999282085,0.0042595716164432074,0.01407065458922079,0.974869539795054,N
source::data/raw/source_domain/cwru_48khz_normal/N_2_(1750rpm).mat::w0014,data/raw/source_domain/cwru_48khz_normal/N_2_(1750rpm).mat,N,2.0,F3,R3,test,E0_baseline,LR_0.1_bal,0.005340188928936842,0.005743569672990017,0.010200233435521117,0.978716007962552,N
source::data/raw/source_domain/cwru_48khz_de/B007_3.mat::w0000,data/raw/source_domain/cwru_48khz_de/B007_3.mat,B,3.0,F4,R4,test,E0_baseline,LR_0.1_none,0.6279494220860597,0.04348689771343047,0.31232999867909794,0.01623368152141185,OR
source::data/raw/source_domain/cwru_48khz_de/B007_3.mat::w0001,data/raw/source_domain/cwru_48khz_de/B007_3.mat,B,3.0,F4,R4,test,E0_baseline,LR_0.1_none,0.5164131936208237,0.04378249702757795,0.426978620466141,0.0128256888854574,OR
source::data/raw/source_domain/cwru_48khz_de/B007_3.mat::w0002,data/raw/source_domain/cwru_48khz_de/B007_3.mat,B,3.0,F4,R4,test,E0_baseline,LR_0.1_none,0.4822432673568742,0.03251913221451353,0.4740529908174432,0.011184609611169308,OR
source::data/raw/source_domain/cwru_48khz_de/B007_3.mat::w0003,data/raw/source_domain/cwru_48khz_de/B007_3.mat,B,3.0,F4,R4,test,E0_baseline,LR_0.1_none,0.39976401942182566,0.025276661367789954,0.5638350284033322,0.011124290807052123,B
source::data/raw/source_domain/cwru_48khz_de/B007_3.mat::w0004,data/raw/source_domain/cwru_48khz_de/B007_3.mat,B,3.0,F4,R4,test,E0_baseline,LR_0.1_none,0.3720661471608001,0.05445536343633007,0.5616114762866763,0.011867013116193653,B
source::data/raw/source_domain/cwru_48khz_de/B007_3.mat::w0005,data/raw/source_domain/cwru_48khz_de/B007_3.mat,B,3.0,F4,R4,test,E0_baseline,LR_0.1_none,0.2938277601264766,0.04327896537231265,0.6460656430662182,0.01682763143499257,B
source::data/raw/source_domain/cwru_48khz_de/B007_3.mat::w0006,data/raw/source_domain/cwru_48khz_de/B007_3.mat,B,3.0,F4,R4,test,E0_baseline,LR_0.1_none,0.4831934377536177,0.07317248151687476,0.4252607440770219,0.018373336652485726,OR
source::data/raw/source_domain/cwru_48khz_de/B014_0.mat::w0000,data/raw/source_domain/cwru_48khz_de/B014_0.mat,B,0.0,F4,R4,test,E0_baseline,LR_0.1_none,0.24275501390013704,0.08428105279928713,0.6643036426431757,0.00866029065740014,B
source::data/raw/source_domain/cwru_48khz_de/B014_0.mat::w0001,data/raw/source_domain/cwru_48khz_de/B014_0.mat,B,0.0,F4,R4,test,E0_baseline,LR_0.1_none,0.2638281125126699,0.09006061924894074,0.6396138400755356,0.006497428162853715,B
source::data/raw/source_domain/cwru_48khz_de/B014_0.mat::w0002,data/raw/source_domain/cwru_48khz_de/B014_0.mat,B,0.0,F4,R4,test,E0_baseline,LR_0.1_none,0.21674876646713906,0.07890059394257674,0.6986626483266297,0.005687991263654648,B
source::data/raw/source_domain/cwru_48khz_de/B014_0.mat::w0003,data/raw/source_domain/cwru_48khz_de/B014_0.mat,B,0.0,F4,R4,test,E0_baseline,LR_0.1_none,0.22189676923534069,0.039368089225823986,0.7342623874729592,0.004472754065876181,B
source::data/raw/source_domain/cwru_48khz_de/B014_0.mat::w0004,data/raw/source_domain/cwru_48khz_de/B014_0.mat,B,0.0,F4,R4,test,E0_baseline,LR_0.1_none,0.15770795958796194,0.03683782063398961,0.8001681577860427,0.0052860619920057925,B
source::data/raw/source_domain/cwru_48khz_de/B014_0.mat::w0005,data/raw/source_domain/cwru_48khz_de/B014_0.mat,B,0.0,F4,R4,test,E0_baseline,LR_0.1_none,0.23562904255109307,0.0832151370665181,0.6738166278286001,0.007339192553788778,B
source::data/raw/source_domain/cwru_48khz_de/B014_0.mat::w0006,data/raw/source_domain/cwru_48khz_de/B014_0.mat,B,0.0,F4,R4,test,E0_baseline,LR_0.1_none,0.29300646778571254,0.08372450061450042,0.6167170006738668,0.0065520309259202835,B
source::data/raw/source_domain/cwru_48khz_de/B021_1.mat::w0000,data/raw/source_domain/cwru_48khz_de/B021_1.mat,B,1.0,F4,R4,test,E0_baseline,LR_0.1_none,0.09393863635740564,0.09989502514519605,0.8047589731220306,0.0014073653753677762,B
source::data/raw/source_domain/cwru_48khz_de/B021_1.mat::w0001,data/raw/source_domain/cwru_48khz_de/B021_1.mat,B,1.0,F4,R4,test,E0_baseline,LR_0.1_none,0.039083576244064236,0.3060720943023779,0.6533700504492028,0.001474279004355006,B
source::data/raw/source_domain/cwru_48khz_de/B021_1.mat::w0002,data/raw/source_domain/cwru_48khz_de/B021_1.mat,B,1.0,F4,R4,test,E0_baseline,LR_0.1_none,0.03555171392666521,0.08298639918263169,0.8810052060712301,0.0004566808194728579,B
source::data/raw/source_domain/cwru_48khz_de/B021_1.mat::w0003,data/raw/source_domain/cwru_48khz_de/B021_1.mat,B,1.0,F4,R4,test,E0_baseline,LR_0.1_none,0.08789528980180361,0.12755944066585873,0.7836606842109697,0.0008845853213679042,B
source::data/raw/source_domain/cwru_48khz_de/B021_1.mat::w0004,data/raw/source_domain/cwru_48khz_de/B021_1.mat,B,1.0,F4,R4,test,E0_baseline,LR_0.1_none,0.16710755308053848,0.24148143636954983,0.5874591892021632,0.003951821347748251,B
source::data/raw/source_domain/cwru_48khz_de/B021_1.mat::w0005,data/raw/source_domain/cwru_48khz_de/B021_1.mat,B,1.0,F4,R4,test,E0_baseline,LR_0.1_none,0.0858481750557909,0.1528966885894581,0.7598485923388878,0.0014065440158633985,B
source::data/raw/source_domain/cwru_48khz_de/B021_1.mat::w0006,data/raw/source_domain/cwru_48khz_de/B021_1.mat,B,1.0,F4,R4,test,E0_baseline,LR_0.1_none,0.0866789531522776,0.22481786521623986,0.686628903611895,0.0018742780195875725,B
source::data/raw/source_domain/cwru_48khz_de/IR007_0.mat::w0000,data/raw/source_domain/cwru_48khz_de/IR007_0.mat,IR,0.0,F4,R4,test,E0_baseline,LR_0.1_none,0.04893788455656678,0.917213251443183,0.02673412523638115,0.007114738763868881,IR
source::data/raw/source_domain/cwru_48khz_de/IR007_0.mat::w0001,data/raw/source_domain/cwru_48khz_de/IR007_0.mat,IR,0.0,F4,R4,test,E0_baseline,LR_0.1_none,0.056221148382622856,0.9073932162606277,0.02904589683018241,0.007339738526567071,IR
source::data/raw/source_domain/cwru_48khz_de/IR007_0.mat::w0002,data/raw/source_domain/cwru_48khz_de/IR007_0.mat,IR,0.0,F4,R4,test,E0_baseline,LR_0.1_none,0.06700869307202785,0.8956187762731664,0.02965281194679262,0.007719718708013153,IR
source::data/raw/source_domain/cwru_48khz_de/IR007_0.mat::w0003,data/raw/source_domain/cwru_48khz_de/IR007_0.mat,IR,0.0,F4,R4,test,E0_baseline,LR_0.1_none,0.08451974621277324,0.8762462450375824,0.031250728777921906,0.007983279971722629,IR
source::data/raw/source_domain/cwru_48khz_de/IR007_0.mat::w0004,data/raw/source_domain/cwru_48khz_de/IR007_0.mat,IR,0.0,F4,R4,test,E0_baseline,LR_0.1_none,0.0864815070509037,0.8747933386117627,0.031006384879207125,0.007718769458126282,IR
source::data/raw/source_domain/cwru_48khz_de/IR007_0.mat::w0005,data/raw/source_domain/cwru_48khz_de/IR007_0.mat,IR,0.0,F4,R4,test,E0_baseline,LR_0.1_none,0.07398371215993703,0.8882014446620436,0.03024791885906874,0.007566924318950579,IR
source::data/raw/source_domain/cwru_48khz_de/IR007_0.mat::w0006,data/raw/source_domain/cwru_48khz_de/IR007_0.mat,IR,0.0,F4,R4,test,E0_baseline,LR_0.1_none,0.06219714706520692,0.8994394689187564,0.031433951063863125,0.006929432952173667,IR
source::data/raw/source_domain/cwru_48khz_de/IR014_1.mat::w0000,data/raw/source_domain/cwru_48khz_de/IR014_1.mat,IR,1.0,F4,R4,test,E0_baseline,LR_0.1_none,0.1593825970657825,0.6772315019324515,0.16250623764176989,0.0008796633599961313,IR
source::data/raw/source_domain/cwru_48khz_de/IR014_1.mat::w0001,data/raw/source_domain/cwru_48khz_de/IR014_1.mat,IR,1.0,F4,R4,test,E0_baseline,LR_0.1_none,0.25997934257379673,0.6014389676484821,0.1369880696061786,0.0015936201715424517,IR
source::data/raw/source_domain/cwru_48khz_de/IR014_1.mat::w0002,data/raw/source_domain/cwru_48khz_de/IR014_1.mat,IR,1.0,F4,R4,test,E0_baseline,LR_0.1_none,0.23339935913531745,0.5947604541355798,0.17048933342971964,0.0013508532993831376,IR
source::data/raw/source_domain/cwru_48khz_de/IR014_1.mat::w0003,data/raw/source_domain/cwru_48khz_de/IR014_1.mat,IR,1.0,F4,R4,test,E0_baseline,LR_0.1_none,0.2736188528270853,0.5905684344361705,0.13447574002083654,0.0013369727159076921,IR
source::data/raw/source_domain/cwru_48khz_de/IR014_1.mat::w0004,data/raw/source_domain/cwru_48khz_de/IR014_1.mat,IR,1.0,F4,R4,test,E0_baseline,LR_0.1_none,0.23835261497690383,0.6352625173805406,0.1253819448836746,0.0010029227588811461,IR
source::data/raw/source_domain/cwru_48khz_de/IR014_1.mat::w0005,data/raw/source_domain/cwru_48khz_de/IR014_1.mat,IR,1.0,F4,R4,test,E0_baseline,LR_0.1_none,0.16012825549897058,0.7184810414230728,0.12053303086253317,0.0008576722154235033,IR
source::data/raw/source_domain/cwru_48khz_de/IR014_1.mat::w0006,data/raw/source_domain/cwru_48khz_de/IR014_1.mat,IR,1.0,F4,R4,test,E0_baseline,LR_0.1_none,0.20233657564110716,0.6741535346183327,0.12250111027082668,0.0010087794697334854,IR
source::data/raw/source_domain/cwru_48khz_de/IR021_2.mat::w0000,data/raw/source_domain/cwru_48khz_de/IR021_2.mat,IR,2.0,F4,R4,test,E0_baseline,LR_0.1_none,0.4187386448847362,0.5509908894068053,0.028464891056710982,0.0018055746517475868,IR
source::data/raw/source_domain/cwru_48khz_de/IR021_2.mat::w0001,data/raw/source_domain/cwru_48khz_de/IR021_2.mat,IR,2.0,F4,R4,test,E0_baseline,LR_0.1_none,0.40290928005081816,0.555929371867691,0.03931729761009239,0.001844050471398525,IR
source::data/raw/source_domain/cwru_48khz_de/IR021_2.mat::w0002,data/raw/source_domain/cwru_48khz_de/IR021_2.mat,IR,2.0,F4,R4,test,E0_baseline,LR_0.1_none,0.40535888481591914,0.5536480005175203,0.03918045093328385,0.0018126637332767637,IR
source::data/raw/source_domain/cwru_48khz_de/IR021_2.mat::w0003,data/raw/source_domain/cwru_48khz_de/IR021_2.mat,IR,2.0,F4,R4,test,E0_baseline,LR_0.1_none,0.4650887064715031,0.5039996791818991,0.028976336436009133,0.0019352779105887142,IR
source::data/raw/source_domain/cwru_48khz_de/IR021_2.mat::w0004,data/raw/source_domain/cwru_48khz_de/IR021_2.mat,IR,2.0,F4,R4,test,E0_baseline,LR_0.1_none,0.49440165959295157,0.4657557486820464,0.03797425271221828,0.0018683390127837629,OR
source::data/raw/source_domain/cwru_48khz_de/IR021_2.mat::w0005,data/raw/source_domain/cwru_48khz_de/IR021_2.mat,IR,2.0,F4,R4,test,E0_baseline,LR_0.1_none,0.4293903618675878,0.5220347356466158,0.0467193571232042,0.0018555453625920977,IR
source::data/raw/source_domain/cwru_48khz_de/IR021_2.mat::w0006,data/raw/source_domain/cwru_48khz_de/IR021_2.mat,IR,2.0,F4,R4,test,E0_baseline,LR_0.1_none,0.3863814363578546,0.5686058437935076,0.04312371989594083,0.0018889999526970067,IR
source::data/raw/source_domain/cwru_48khz_de/OR007@12_1.mat::w0000,data/raw/source_domain/cwru_48khz_de/OR007@12_1.mat,OR,1.0,F4,R4,test,E0_baseline,LR_0.1_none,0.5972949583381046,0.23461441169016808,0.1627524811695,0.005338148802227239,OR
source::data/raw/source_domain/cwru_48khz_de/OR007@12_1.mat::w0001,data/raw/source_domain/cwru_48khz_de/OR007@12_1.mat,OR,1.0,F4,R4,test,E0_baseline,LR_0.1_none,0.6212669666235888,0.24494035466937517,0.12796204671676234,0.005830631990273619,OR
source::data/raw/source_domain/cwru_48khz_de/OR007@12_1.mat::w0002,data/raw/source_domain/cwru_48khz_de/OR007@12_1.mat,OR,1.0,F4,R4,test,E0_baseline,LR_0.1_none,0.636469150308789,0.2637654256731438,0.09254283237783179,0.007222591640235417,OR
source::data/raw/source_domain/cwru_48khz_de/OR007@12_1.mat::w0003,data/raw/source_domain/cwru_48khz_de/OR007@12_1.mat,OR,1.0,F4,R4,test,E0_baseline,LR_0.1_none,0.6504336451878087,0.26393061077711577,0.07745862258803145,0.008177121447044057,OR
source::data/raw/source_domain/cwru_48khz_de/OR007@12_1.mat::w0004,data/raw/source_domain/cwru_48khz_de/OR007@12_1.mat,OR,1.0,F4,R4,test,E0_baseline,LR_0.1_none,0.6194527330947128,0.29420105733547675,0.07856963419519347,0.007776575374616946,OR
source::data/raw/source_domain/cwru_48khz_de/OR007@12_1.mat::w0005,data/raw/source_domain/cwru_48khz_de/OR007@12_1.mat,OR,1.0,F4,R4,test,E0_baseline,LR_0.1_none,0.5607651974058807,0.31246321738270083,0.11927732777673862,0.007494257434679875,OR
source::data/raw/source_domain/cwru_48khz_de/OR007@12_1.mat::w0006,data/raw/source_domain/cwru_48khz_de/OR007@12_1.mat,OR,1.0,F4,R4,test,E0_baseline,LR_0.1_none,0.5503525993252583,0.3062561527196386,0.1363833071272956,0.007007940827807603,OR
source::data/raw/source_domain/cwru_48khz_de/OR007@3_3.mat::w0000,data/raw/source_domain/cwru_48khz_de/OR007@3_3.mat,OR,3.0,F4,R4,test,E0_baseline,LR_0.1_none,0.9525968984269315,0.039958780942211225,0.003318453030060356,0.004125867600796887,OR
source::data/raw/source_domain/cwru_48khz_de/OR007@3_3.mat::w0001,data/raw/source_domain/cwru_48khz_de/OR007@3_3.mat,OR,3.0,F4,R4,test,E0_baseline,LR_0.1_none,0.9519352406850221,0.03950617618111838,0.003723775790742067,0.004834807343117456,OR
source::data/raw/source_domain/cwru_48khz_de/OR007@3_3.mat::w0002,data/raw/source_domain/cwru_48khz_de/OR007@3_3.mat,OR,3.0,F4,R4,test,E0_baseline,LR_0.1_none,0.9558291007333073,0.037078613438875925,0.0028863472985078266,0.004205938529308914,OR
source::data/raw/source_domain/cwru_48khz_de/OR007@3_3.mat::w0003,data/raw/source_domain/cwru_48khz_de/OR007@3_3.mat,OR,3.0,F4,R4,test,E0_baseline,LR_0.1_none,0.9575006173250019,0.034399315341204044,0.0038714150219442077,0.004228652311849871,OR
source::data/raw/source_domain/cwru_48khz_de/OR007@3_3.mat::w0004,data/raw/source_domain/cwru_48khz_de/OR007@3_3.mat,OR,3.0,F4,R4,test,E0_baseline,LR_0.1_none,0.9604907706964358,0.033495252888248,0.002579603913013008,0.003434372502303146,OR
source::data/raw/source_domain/cwru_48khz_de/OR007@3_3.mat::w0005,data/raw/source_domain/cwru_48khz_de/OR007@3_3.mat,OR,3.0,F4,R4,test,E0_baseline,LR_0.1_none,0.9554886182854965,0.03769858357171871,0.003179488434849406,0.0036333097079353357,OR
source::data/raw/source_domain/cwru_48khz_de/OR007@3_3.mat::w0006,data/raw/source_domain/cwru_48khz_de/OR007@3_3.mat,OR,3.0,F4,R4,test,E0_baseline,LR_0.1_none,0.9586578465767915,0.03480484531648415,0.002919578368841102,0.0036177297378832377,OR
source::data/raw/source_domain/cwru_48khz_de/OR007@6_0.mat::w0000,data/raw/source_domain/cwru_48khz_de/OR007@6_0.mat,OR,0.0,F4,R4,test,E0_baseline,LR_0.1_none,0.9992282570347566,0.0005077875624653835,3.0465428161784826e-05,0.00023348997461609472,OR
source::data/raw/source_domain/cwru_48khz_de/OR007@6_0.mat::w0001,data/raw/source_domain/cwru_48khz_de/OR007@6_0.mat,OR,0.0,F4,R4,test,E0_baseline,LR_0.1_none,0.9992156300265336,0.0005289518344793379,2.238235948651415e-05,0.00023303577950066113,OR
source::data/raw/source_domain/cwru_48khz_de/OR007@6_0.mat::w0002,data/raw/source_domain/cwru_48khz_de/OR007@6_0.mat,OR,0.0,F4,R4,test,E0_baseline,LR_0.1_none,0.9991709916037199,0.0005495980501868831,2.0677764462159386e-05,0.00025873258163098373,OR
source::data/raw/source_domain/cwru_48khz_de/OR007@6_0.mat::w0003,data/raw/source_domain/cwru_48khz_de/OR007@6_0.mat,OR,0.0,F4,R4,test,E0_baseline,LR_0.1_none,0.9990112278321085,0.00065165073793701,2.478465363092124e-05,0.0003123367763235173,OR
source::data/raw/source_domain/cwru_48khz_de/OR007@6_0.mat::w0004,data/raw/source_domain/cwru_48khz_de/OR007@6_0.mat,OR,0.0,F4,R4,test,E0_baseline,LR_0.1_none,0.9989770825592226,0.0006619318061256771,3.1408530472536864e-05,0.00032957710417910654,OR
source::data/raw/source_domain/cwru_48khz_de/OR007@6_0.mat::w0005,data/raw/source_domain/cwru_48khz_de/OR007@6_0.mat,OR,0.0,F4,R4,test,E0_baseline,LR_0.1_none,0.9991155942027568,0.000560751138357166,3.3100217641136394e-05,0.00029055444124485657,OR
source::data/raw/source_domain/cwru_48khz_de/OR007@6_0.mat::w0006,data/raw/source_domain/cwru_48khz_de/OR007@6_0.mat,OR,0.0,F4,R4,test,E0_baseline,LR_0.1_none,0.9992300797510227,0.0005076524727420372,2.5139130076611785e-05,0.0002371286461585717,OR
source::data/raw/source_domain/cwru_48khz_de/OR014@6_2.mat::w0000,data/raw/source_domain/cwru_48khz_de/OR014@6_2.mat,OR,2.0,F4,R4,test,E0_baseline,LR_0.1_none,0.12759615869419866,0.07431741346800026,0.7953168208034325,0.0027696070343684867,B
source::data/raw/source_domain/cwru_48khz_de/OR014@6_2.mat::w0001,data/raw/source_domain/cwru_48khz_de/OR014@6_2.mat,OR,2.0,F4,R4,test,E0_baseline,LR_0.1_none,0.0830869830744524,0.09041798271746775,0.8248317025183194,0.00166333168976029,B
source::data/raw/source_domain/cwru_48khz_de/OR014@6_2.mat::w0002,data/raw/source_domain/cwru_48khz_de/OR014@6_2.mat,OR,2.0,F4,R4,test,E0_baseline,LR_0.1_none,0.46901192642491024,0.05471338187621994,0.4662614963386605,0.01001319536020931,OR
source::data/raw/source_domain/cwru_48khz_de/OR014@6_2.mat::w0003,data/raw/source_domain/cwru_48khz_de/OR014@6_2.mat,OR,2.0,F4,R4,test,E0_baseline,LR_0.1_none,0.5399304348944156,0.05387122929295685,0.39230112724454874,0.013897208568078788,OR
source::data/raw/source_domain/cwru_48khz_de/OR014@6_2.mat::w0004,data/raw/source_domain/cwru_48khz_de/OR014@6_2.mat,OR,2.0,F4,R4,test,E0_baseline,LR_0.1_none,0.6440627098706221,0.07595637678176557,0.26198111363849386,0.017999799709118393,OR
source::data/raw/source_domain/cwru_48khz_de/OR014@6_2.mat::w0005,data/raw/source_domain/cwru_48khz_de/OR014@6_2.mat,OR,2.0,F4,R4,test,E0_baseline,LR_0.1_none,0.674025622561712,0.05174266059121206,0.2610831075636575,0.013148609283418444,OR
source::data/raw/source_domain/cwru_48khz_de/OR014@6_2.mat::w0006,data/raw/source_domain/cwru_48khz_de/OR014@6_2.mat,OR,2.0,F4,R4,test,E0_baseline,LR_0.1_none,0.512742182879348,0.11090800482891235,0.3558290061823471,0.020520806109392522,OR
source::data/raw/source_domain/cwru_48khz_de/OR021@12_2.mat::w0000,data/raw/source_domain/cwru_48khz_de/OR021@12_2.mat,OR,2.0,F4,R4,test,E0_baseline,LR_0.1_none,0.8711296129842152,0.10796953100775003,0.020422903565467942,0.0004779524425667649,OR
source::data/raw/source_domain/cwru_48khz_de/OR021@12_2.mat::w0001,data/raw/source_domain/cwru_48khz_de/OR021@12_2.mat,OR,2.0,F4,R4,test,E0_baseline,LR_0.1_none,0.8735972401362422,0.09794920594142839,0.027914443160146688,0.0005391107621827764,OR
source::data/raw/source_domain/cwru_48khz_de/OR021@12_2.mat::w0002,data/raw/source_domain/cwru_48khz_de/OR021@12_2.mat,OR,2.0,F4,R4,test,E0_baseline,LR_0.1_none,0.8461459360174878,0.12497744827723399,0.028334082694209558,0.0005425330110686517,OR
source::data/raw/source_domain/cwru_48khz_de/OR021@12_2.mat::w0003,data/raw/source_domain/cwru_48khz_de/OR021@12_2.mat,OR,2.0,F4,R4,test,E0_baseline,LR_0.1_none,0.8206402063100005,0.13098988775710219,0.047836246927589754,0.0005336590053075074,OR
source::data/raw/source_domain/cwru_48khz_de/OR021@12_2.mat::w0004,data/raw/source_domain/cwru_48khz_de/OR021@12_2.mat,OR,2.0,F4,R4,test,E0_baseline,LR_0.1_none,0.8294212313439385,0.12726791456365794,0.04290087922761083,0.00040997486479263444,OR
source::data/raw/source_domain/cwru_48khz_de/OR021@12_2.mat::w0005,data/raw/source_domain/cwru_48khz_de/OR021@12_2.mat,OR,2.0,F4,R4,test,E0_baseline,LR_0.1_none,0.8064385865446446,0.14620654077898432,0.04697052336791158,0.0003843493084594008,OR
source::data/raw/source_domain/cwru_48khz_de/OR021@12_2.mat::w0006,data/raw/source_domain/cwru_48khz_de/OR021@12_2.mat,OR,2.0,F4,R4,test,E0_baseline,LR_0.1_none,0.8311277127709028,0.138986795835342,0.02933975728392208,0.0005457341098331697,OR
source::data/raw/source_domain/cwru_48khz_de/OR021@3_0.mat::w0000,data/raw/source_domain/cwru_48khz_de/OR021@3_0.mat,OR,0.0,F4,R4,test,E0_baseline,LR_0.1_none,0.9155444211741549,0.015445477790962552,0.0672464430709186,0.001763657963963973,OR
source::data/raw/source_domain/cwru_48khz_de/OR021@3_0.mat::w0001,data/raw/source_domain/cwru_48khz_de/OR021@3_0.mat,OR,0.0,F4,R4,test,E0_baseline,LR_0.1_none,0.8962643068349914,0.02475750477965739,0.07661011461738777,0.0023680737679635396,OR
source::data/raw/source_domain/cwru_48khz_de/OR021@3_0.mat::w0002,data/raw/source_domain/cwru_48khz_de/OR021@3_0.mat,OR,0.0,F4,R4,test,E0_baseline,LR_0.1_none,0.8994221949014916,0.01921492783890885,0.07947168391532809,0.00189119334427155,OR
source::data/raw/source_domain/cwru_48khz_de/OR021@3_0.mat::w0003,data/raw/source_domain/cwru_48khz_de/OR021@3_0.mat,OR,0.0,F4,R4,test,E0_baseline,LR_0.1_none,0.8891002707004938,0.023821445125170766,0.08492542110307706,0.002152863071258404,OR
source::data/raw/source_domain/cwru_48khz_de/OR021@6_1.mat::w0000,data/raw/source_domain/cwru_48khz_de/OR021@6_1.mat,OR,1.0,F4,R4,test,E0_baseline,LR_0.1_none,0.9668093030951271,0.02216890639024354,0.01056711091023851,0.0004546796043907712,OR
source::data/raw/source_domain/cwru_48khz_de/OR021@6_1.mat::w0001,data/raw/source_domain/cwru_48khz_de/OR021@6_1.mat,OR,1.0,F4,R4,test,E0_baseline,LR_0.1_none,0.9665164852921768,0.02282790585337881,0.010144660466746903,0.0005109483876975094,OR
source::data/raw/source_domain/cwru_48khz_de/OR021@6_1.mat::w0002,data/raw/source_domain/cwru_48khz_de/OR021@6_1.mat,OR,1.0,F4,R4,test,E0_baseline,LR_0.1_none,0.9457887401912312,0.04225736476739853,0.011406032690732372,0.0005478623506379333,OR
source::data/raw/source_domain/cwru_48khz_de/OR021@6_1.mat::w0003,data/raw/source_domain/cwru_48khz_de/OR021@6_1.mat,OR,1.0,F4,R4,test,E0_baseline,LR_0.1_none,0.9341119922931831,0.054806834830806866,0.010004558720908266,0.0010766141551017943,OR
source::data/raw/source_domain/cwru_48khz_de/OR021@6_1.mat::w0004,data/raw/source_domain/cwru_48khz_de/OR021@6_1.mat,OR,1.0,F4,R4,test,E0_baseline,LR_0.1_none,0.9103372303509438,0.08050642610210496,0.008074014856047465,0.0010823286909037385,OR
source::data/raw/source_domain/cwru_48khz_de/OR021@6_1.mat::w0005,data/raw/source_domain/cwru_48khz_de/OR021@6_1.mat,OR,1.0,F4,R4,test,E0_baseline,LR_0.1_none,0.9077843160558169,0.08017340717897366,0.011082740913537826,0.0009595358516717567,OR
source::data/raw/source_domain/cwru_48khz_de/OR021@6_1.mat::w0006,data/raw/source_domain/cwru_48khz_de/OR021@6_1.mat,OR,1.0,F4,R4,test,E0_baseline,LR_0.1_none,0.9182163205412803,0.07087990148445514,0.009894836161890165,0.0010089418123742713,OR
source::data/raw/source_domain/cwru_48khz_normal/N_3.mat::w0000,data/raw/source_domain/cwru_48khz_normal/N_3.mat,N,3.0,F4,R4,test,E0_baseline,LR_0.1_none,0.024411506540581704,0.01373554504417612,0.02259955802158418,0.939253390393658,N
source::data/raw/source_domain/cwru_48khz_normal/N_3.mat::w0001,data/raw/source_domain/cwru_48khz_normal/N_3.mat,N,3.0,F4,R4,test,E0_baseline,LR_0.1_none,0.029578768569200057,0.010728506738742398,0.023124682701086707,0.9365680419909709,N
source::data/raw/source_domain/cwru_48khz_normal/N_3.mat::w0002,data/raw/source_domain/cwru_48khz_normal/N_3.mat,N,3.0,F4,R4,test,E0_baseline,LR_0.1_none,0.03013315139062494,0.010832766167082666,0.016723426409769905,0.9423106560325225,N
source::data/raw/source_domain/cwru_48khz_normal/N_3.mat::w0003,data/raw/source_domain/cwru_48khz_normal/N_3.mat,N,3.0,F4,R4,test,E0_baseline,LR_0.1_none,0.03152377620825796,0.009924164228515452,0.014543685350239425,0.9440083742129871,N
source::data/raw/source_domain/cwru_48khz_normal/N_3.mat::w0004,data/raw/source_domain/cwru_48khz_normal/N_3.mat,N,3.0,F4,R4,test,E0_baseline,LR_0.1_none,0.025591140841343073,0.010772609519560931,0.011692058755824084,0.951944190883272,N
source::data/raw/source_domain/cwru_48khz_normal/N_3.mat::w0005,data/raw/source_domain/cwru_48khz_normal/N_3.mat,N,3.0,F4,R4,test,E0_baseline,LR_0.1_none,0.04608720475212522,0.006698077834638454,0.013161032946668942,0.9340536844665674,N
source::data/raw/source_domain/cwru_48khz_normal/N_3.mat::w0006,data/raw/source_domain/cwru_48khz_normal/N_3.mat,N,3.0,F4,R4,test,E0_baseline,LR_0.1_none,0.014253565173709095,0.01489326012592102,0.02530141495267137,0.9455517597476985,N
source::data/raw/source_domain/cwru_48khz_normal/N_3.mat::w0007,data/raw/source_domain/cwru_48khz_normal/N_3.mat,N,3.0,F4,R4,test,E0_baseline,LR_0.1_none,0.02632704758898695,0.009471685832504287,0.018246192439099074,0.9459550741394097,N
source::data/raw/source_domain/cwru_48khz_normal/N_3.mat::w0008,data/raw/source_domain/cwru_48khz_normal/N_3.mat,N,3.0,F4,R4,test,E0_baseline,LR_0.1_none,0.025235996107383224,0.013454510844185636,0.02494067918344845,0.9363688138649827,N
source::data/raw/source_domain/cwru_48khz_normal/N_3.mat::w0009,data/raw/source_domain/cwru_48khz_normal/N_3.mat,N,3.0,F4,R4,test,E0_baseline,LR_0.1_none,0.03580193994601101,0.009862818445450844,0.02849102477505908,0.9258442168334792,N
source::data/raw/source_domain/cwru_48khz_normal/N_3.mat::w0010,data/raw/source_domain/cwru_48khz_normal/N_3.mat,N,3.0,F4,R4,test,E0_baseline,LR_0.1_none,0.02384048843936099,0.013388358081255986,0.02521875256158481,0.9375524009177982,N
source::data/raw/source_domain/cwru_48khz_normal/N_3.mat::w0011,data/raw/source_domain/cwru_48khz_normal/N_3.mat,N,3.0,F4,R4,test,E0_baseline,LR_0.1_none,0.032983169800072605,0.008997784038177917,0.010725638167122409,0.947293407994627,N
source::data/raw/source_domain/cwru_48khz_normal/N_3.mat::w0012,data/raw/source_domain/cwru_48khz_normal/N_3.mat,N,3.0,F4,R4,test,E0_baseline,LR_0.1_none,0.028019814315891386,0.013556703725732753,0.02943039664049897,0.9289930853178768,N
source::data/raw/source_domain/cwru_48khz_normal/N_3.mat::w0013,data/raw/source_domain/cwru_48khz_normal/N_3.mat,N,3.0,F4,R4,test,E0_baseline,LR_0.1_none,0.037560379288653266,0.011890477385396258,0.028121595507990132,0.9224275478179604,N
source::data/raw/source_domain/cwru_48khz_normal/N_3.mat::w0014,data/raw/source_domain/cwru_48khz_normal/N_3.mat,N,3.0,F4,R4,test,E0_baseline,LR_0.1_none,0.04812176756763228,0.009533425805101614,0.029863769984508227,0.9124810366427579,N
