outer_fold,inner_fold,C,weighting,feature_count,file_macro_f1,recall_OR,recall_IR,recall_B,recall_N,train_time_s,convergence_warnings
0,0,0.1,file_balanced,19,0.8597222222222223,0.8,1.0,0.6666666666666666,1.0,0.004753018999991809,0
0,1,0.1,file_balanced,19,0.8583333333333334,1.0,0.6666666666666666,0.6666666666666666,1.0,0.003940432999996801,0
0,2,0.1,file_balanced,19,0.8666666666666667,0.8,0.6666666666666666,1.0,1.0,0.003683776000002581,0
0,0,0.1,file_and_class_balanced,19,0.8597222222222223,0.8,1.0,0.6666666666666666,1.0,0.004013904000004231,0
0,1,0.1,file_and_class_balanced,19,0.8642857142857143,0.8,0.6666666666666666,1.0,1.0,0.003766200000001163,0
0,2,0.1,file_and_class_balanced,19,0.8660714285714286,0.6,1.0,1.0,1.0,0.0038049190000037925,0
0,0,1.0,file_balanced,19,0.9365079365079365,0.8,1.0,1.0,1.0,0.006326130999980251,0
0,1,1.0,file_balanced,19,0.8666666666666667,0.8,0.6666666666666666,1.0,1.0,0.0056994550000126765,0
0,2,1.0,file_balanced,19,0.9365079365079365,0.8,1.0,1.0,1.0,0.005547326999987945,0
0,0,1.0,file_and_class_balanced,19,0.9365079365079365,0.8,1.0,1.0,1.0,0.005572774999990315,0
0,1,1.0,file_and_class_balanced,19,0.8666666666666667,0.8,0.6666666666666666,1.0,1.0,0.011958826000011413,0
0,2,1.0,file_and_class_balanced,19,0.875,0.6,1.0,1.0,1.0,0.0052215149999881305,0
0,0,10.0,file_balanced,19,0.9365079365079365,0.8,1.0,1.0,1.0,0.006728698999978633,0
0,1,10.0,file_balanced,19,0.7499999999999999,0.6,0.6666666666666666,1.0,1.0,0.005051608999991686,0
0,2,10.0,file_balanced,19,0.8660714285714286,0.6,1.0,1.0,1.0,0.005097468000002436,0
0,0,10.0,file_and_class_balanced,19,0.9365079365079365,0.8,1.0,1.0,1.0,0.0051180990000148086,0
0,1,10.0,file_and_class_balanced,19,0.8095238095238095,0.6,0.6666666666666666,1.0,1.0,0.005533706000022676,0
0,2,10.0,file_and_class_balanced,19,0.875,0.6,1.0,1.0,1.0,0.004851736999995637,0
1,0,0.1,file_balanced,20,0.4892857142857143,0.5,0.6666666666666666,1.0,0.0,0.003688412999991897,0
1,1,0.1,file_balanced,19,0.325,0.6,0.0,0.6666666666666666,0.0,0.003993052999987867,0
1,2,0.1,file_balanced,19,0.7984848484848486,0.8,0.6666666666666666,0.6666666666666666,1.0,0.00431925400002342,0
1,0,0.1,file_and_class_balanced,20,0.775,0.5,0.6666666666666666,1.0,1.0,0.004208457000004273,0
1,1,0.1,file_and_class_balanced,19,0.3142857142857143,0.4,0.0,1.0,0.0,0.004435359000012795,0
1,2,0.1,file_and_class_balanced,19,0.7984848484848486,0.8,0.6666666666666666,0.6666666666666666,1.0,0.004049466999987317,0
1,0,1.0,file_balanced,20,0.4892857142857143,0.5,0.6666666666666666,1.0,0.0,0.005727947999986327,0
1,1,1.0,file_balanced,19,0.25757575757575757,0.4,0.0,0.6666666666666666,0.0,0.006688808000006929,0
1,2,1.0,file_balanced,19,0.8666666666666667,0.8,0.6666666666666666,1.0,1.0,0.007181551000002173,0
1,0,1.0,file_and_class_balanced,20,0.4892857142857143,0.5,0.6666666666666666,1.0,0.0,0.004675740999999789,0
1,1,1.0,file_and_class_balanced,19,0.25757575757575757,0.4,0.0,0.6666666666666666,0.0,0.006265259000002743,0
1,2,1.0,file_and_class_balanced,19,0.8666666666666667,0.8,0.6666666666666666,1.0,1.0,0.004761360999992803,0
1,0,10.0,file_balanced,20,0.4892857142857143,0.5,0.6666666666666666,1.0,0.0,0.0055683779999924354,0
1,1,10.0,file_balanced,19,0.2909090909090909,0.4,0.0,0.6666666666666666,0.0,0.005636331000005157,0
1,2,10.0,file_balanced,19,0.7946428571428571,0.6,0.6666666666666666,1.0,1.0,0.007645902000007254,0
1,0,10.0,file_and_class_balanced,20,0.4365079365079365,0.3333333333333333,0.6666666666666666,1.0,0.0,0.0058545999999921605,0
1,1,10.0,file_and_class_balanced,19,0.3380952380952381,0.4,0.3333333333333333,0.6666666666666666,0.0,0.005409839000009242,0
1,2,10.0,file_and_class_balanced,19,0.7946428571428571,0.6,0.6666666666666666,1.0,1.0,0.0070604379999963385,0
2,0,0.1,file_balanced,20,0.875,0.8333333333333334,0.6666666666666666,1.0,1.0,0.0041124820000106865,0
2,1,0.1,file_balanced,20,0.7333333333333334,0.6,0.3333333333333333,1.0,1.0,0.004017188999995369,0
2,2,0.1,file_balanced,19,0.7142857142857143,1.0,1.0,1.0,0.0,0.0042725640000185194,0
2,0,0.1,file_and_class_balanced,20,0.8875,0.6666666666666666,1.0,1.0,1.0,0.004059873000016978,0
2,1,0.1,file_and_class_balanced,20,0.8095238095238095,0.6,0.6666666666666666,1.0,1.0,0.0039737630000047375,0
2,2,0.1,file_and_class_balanced,19,0.6507936507936508,0.8,1.0,1.0,0.0,0.004296849999974484,0
2,0,1.0,file_balanced,20,0.8875,0.6666666666666666,1.0,1.0,1.0,0.006225529000005281,0
2,1,1.0,file_balanced,20,0.8095238095238095,0.6,0.6666666666666666,1.0,1.0,0.005566394999988233,0
2,2,1.0,file_balanced,19,0.7142857142857143,1.0,1.0,1.0,0.0,0.007208351000002722,0
2,0,1.0,file_and_class_balanced,20,0.8785714285714286,0.6666666666666666,1.0,1.0,1.0,0.004511103999988109,0
2,1,1.0,file_and_class_balanced,20,0.8095238095238095,0.6,0.6666666666666666,1.0,1.0,0.004484503999975686,0
2,2,1.0,file_and_class_balanced,19,0.7142857142857143,1.0,1.0,1.0,0.0,0.005236768000003167,0
2,0,10.0,file_balanced,20,0.8184523809523809,0.5,1.0,1.0,1.0,0.005869832999991331,0
2,1,10.0,file_balanced,20,0.8095238095238095,0.6,0.6666666666666666,1.0,1.0,0.004411051999994697,0
2,2,10.0,file_balanced,19,0.6415584415584416,1.0,1.0,0.6666666666666666,0.0,0.00678116800000339,0
2,0,10.0,file_and_class_balanced,20,0.8184523809523809,0.5,1.0,1.0,1.0,0.0062888850000035745,0
2,1,10.0,file_and_class_balanced,20,0.8095238095238095,0.6,0.6666666666666666,1.0,1.0,0.004664164999979903,0
2,2,10.0,file_and_class_balanced,19,0.7142857142857143,1.0,1.0,1.0,0.0,0.007117563999997856,0
3,0,0.1,file_balanced,20,0.75,0.6666666666666666,0.3333333333333333,1.0,1.0,0.0044091900000182704,0
3,1,0.1,file_balanced,19,0.8165584415584415,1.0,1.0,0.3333333333333333,1.0,0.004396030000009432,0
3,2,0.1,file_balanced,20,0.5583333333333333,1.0,0.3333333333333333,1.0,0.0,0.00815524000000778,0
3,0,0.1,file_and_class_balanced,20,0.8246753246753247,0.6666666666666666,0.6666666666666666,1.0,1.0,0.0041352560000120775,0
3,1,0.1,file_and_class_balanced,19,0.8165584415584415,1.0,1.0,0.3333333333333333,1.0,0.0038424560000009933,0
3,2,0.1,file_and_class_balanced,20,0.4976190476190476,0.8,0.3333333333333333,1.0,0.0,0.0042725229999973635,0
3,0,1.0,file_balanced,20,0.8246753246753247,0.6666666666666666,0.6666666666666666,1.0,1.0,0.006199890999994295,0
3,1,1.0,file_balanced,19,0.8333333333333334,1.0,1.0,0.3333333333333333,1.0,0.008308861000017487,0
3,2,1.0,file_balanced,20,0.5583333333333333,1.0,0.3333333333333333,1.0,0.0,0.006736519999975599,0
3,0,1.0,file_and_class_balanced,20,0.8127705627705628,0.6666666666666666,0.6666666666666666,1.0,1.0,0.005169555999998465,0
3,1,1.0,file_and_class_balanced,19,0.8333333333333334,1.0,1.0,0.3333333333333333,1.0,0.0049113470000179404,0
3,2,1.0,file_and_class_balanced,20,0.5151515151515151,0.8,0.3333333333333333,1.0,0.0,0.005591713000001164,0
3,0,10.0,file_balanced,20,0.8127705627705628,0.6666666666666666,0.6666666666666666,1.0,1.0,0.0058344990000023245,0
3,1,10.0,file_balanced,19,0.7818181818181819,0.8,1.0,0.3333333333333333,1.0,0.00774407900001961,0
3,2,10.0,file_balanced,20,0.5151515151515151,0.8,0.3333333333333333,1.0,0.0,0.006165859000020646,0
3,0,10.0,file_and_class_balanced,20,0.8127705627705628,0.6666666666666666,0.6666666666666666,1.0,1.0,0.005147542999992538,0
3,1,10.0,file_and_class_balanced,19,0.7818181818181819,0.8,1.0,0.3333333333333333,1.0,0.007665250999991713,0
3,2,10.0,file_and_class_balanced,20,0.5151515151515151,0.8,0.3333333333333333,1.0,0.0,0.007080458999979555,0
